pr_id,pr_title,pr_body,is_merged,pr_number,pr_url,pr_html_url,pr_state,additions,deletions,pr_changed_files,pr_commits_count,pr_comments_count,pr_review_comments_count,pr_labels_count,pr_assignees_count,pr_labels,pr_created_at,pr_closed_at,time_taken,time_delta,pr_review_comments,pr_commits,contributor,contributor_id,contributor_email,contributor_type,contributions,contributor_public_repos,contributor_private_repos,contributor_followings,contributor_followers
473432387,Spam2 minor bug fixes ,"@jywarren  I found few errors in spam2 (stable). I fixed them here. Please review!!
Thanks!! ",True,8352,https://api.github.com/repos/publiclab/plots2/pulls/8352,https://github.com/publiclab/plots2/pull/8352,closed,27,19,4,2,3,0,0,0,[],2020-08-25 19:55:50+00:00,2020-08-25 20:03:34+00:00,464.0,0:07:44,[],"[{'commit_sha': 'f33d87c54051e750dc477010995546cc59901598', 'committer_username': 'keshavsethi', 'committer_name': 'Keshav Sethi', 'committer_email': None, 'commit_date': datetime.datetime(2018, 2, 1, 5, 22, 13, tzinfo=datetime.timezone.utc)}, {'commit_sha': 'd8636526257bc5d3ed17473bf31c17f202834236', 'committer_username': 'keshavsethi', 'committer_name': 'Keshav Sethi', 'committer_email': None, 'commit_date': datetime.datetime(2018, 2, 1, 5, 22, 13, tzinfo=datetime.timezone.utc)}]",Keshav Sethi,36025262,,User,,44,,8,12
424770517,Spam2 (Spam Management Dashboard),"Fixes #7927
**Refer https://github.com/publiclab/plots2/pull/7969#issuecomment-636247030 to see latest changes and UI**
and with the feedback from PR #7928
and in reference to #7961
@jywarren @SidharthBansal @ananyaarun @pydevsg @emilyashley @VladimirMikulic @cesswairimu @ebarry

I have made some changes as per feedback from @jywarren and others

1. **Made /spam2 as an alternate URL** so that it becomes easy for moderators and reviewers to see the changes and compare between two.
2. **Removed links and features that are not working** as suggested by @jywarren.now all the features in UI work except Dashboard which I made grey for reference.
3. **Added some Bulk moderation features** like bulk_spam, Bulk_publish, Select all/none, Bulk_delete, Bulk_ban.
4. **Made it responsive for all devices** and the table is scrollable horizontally within the card.
5. **Added color for status** of post as mentioned by @jywarren in #7953. I have commented there as well.
6. **New UI** which is simple and responsive. 
### Screenshots
![Screenshot from 2020-05-29 03-11-15](https://user-images.githubusercontent.com/36025262/83200088-2a7d2b80-a160-11ea-83a5-55e9f8fa4586.png)
![Screenshot from 2020-05-29 03-00-18](https://user-images.githubusercontent.com/36025262/83200095-2f41df80-a160-11ea-8320-5cbb46135f05.png)
![Screenshot from 2020-05-29 03-11-32](https://user-images.githubusercontent.com/36025262/83200106-34069380-a160-11ea-8b69-b230f38f39b9.png)
###Gifs
![ezgif com-video-to-gif (2)](https://user-images.githubusercontent.com/36025262/83200194-6fa15d80-a160-11ea-9e91-8274910e1612.gif)
![ezgif com-crop (2)](https://user-images.githubusercontent.com/36025262/83200197-716b2100-a160-11ea-8bad-ae860944339b.gif)

Tests are left as of now I am working on them. I will push them soon.
@jywarren @SidharthBansal @ananyaarun @pydevsg @emilyashley @VladimirMikulic @cesswairimu @ebarry Please give your feedbacks

Thanks!
",True,7969,https://api.github.com/repos/publiclab/plots2/pulls/7969,https://github.com/publiclab/plots2/pull/7969,closed,979,2,16,29,24,24,0,0,[],2020-05-28 22:32:11+00:00,2020-06-11 16:37:01+00:00,1188290.0,"13 days, 18:04:50","[{'comment_id': 432793181, 'comment_body': 'Please format this whole file.', 'comment_created': datetime.datetime(2020, 5, 30, 0, 44, 56, tzinfo=datetime.timezone.utc), 'commenter': 'VladimirMikulic', 'type': 'User'}, {'comment_id': 432793306, 'comment_body': 'This block needs to be formatted and documented a bit.', 'comment_created': datetime.datetime(2020, 5, 30, 0, 45, 50, tzinfo=datetime.timezone.utc), 'commenter': 'VladimirMikulic', 'type': 'User'}, {'comment_id': 432793715, 'comment_body': 'If I am not mistaken we have this exact same block in the `app/views/spam2/_comments.html.erb` file. This needs to be refactored. If there is a bug in one block, we would need to copy-paste it into another block which is not very effective and can cause more even more bugs.', 'comment_created': datetime.datetime(2020, 5, 30, 0, 49, 27, tzinfo=datetime.timezone.utc), 'commenter': 'VladimirMikulic', 'type': 'User'}, {'comment_id': 432793869, 'comment_body': ""This Ruby block is also very similar to the one from `app/views/spam2/_comments.html.erb`. Refactoring this wouldn't hurt. @Uzay-G, what do you think?"", 'comment_created': datetime.datetime(2020, 5, 30, 0, 50, 42, tzinfo=datetime.timezone.utc), 'commenter': 'VladimirMikulic', 'type': 'User'}, {'comment_id': 432793949, 'comment_body': 'Please keep the style consistent and format this block & add some comments.', 'comment_created': datetime.datetime(2020, 5, 30, 0, 51, 22, tzinfo=datetime.timezone.utc), 'commenter': 'VladimirMikulic', 'type': 'User'}, {'comment_id': 432794799, 'comment_body': 'Both of them have different IDs for datatable\r\n` $(""#comment_table"").DataTable({` is in _comments.html.erb \r\n` $(""#revision_table"").DataTable({` is in _comments.html.erb \r\n', 'comment_created': datetime.datetime(2020, 5, 30, 0, 59, 6, tzinfo=datetime.timezone.utc), 'commenter': 'keshavsethi', 'type': 'User'}, {'comment_id': 432844570, 'comment_body': 'Done!\r\nThanks!', 'comment_created': datetime.datetime(2020, 5, 30, 14, 10, 42, tzinfo=datetime.timezone.utc), 'commenter': 'keshavsethi', 'type': 'User'}, {'comment_id': 432844606, 'comment_body': 'I formatted it and added some comments', 'comment_created': datetime.datetime(2020, 5, 30, 14, 11, 11, tzinfo=datetime.timezone.utc), 'commenter': 'keshavsethi', 'type': 'User'}, {'comment_id': 432844633, 'comment_body': 'Formatted and added a few comments\r\nThanks!\r\n', 'comment_created': datetime.datetime(2020, 5, 30, 14, 11, 49, tzinfo=datetime.timezone.utc), 'commenter': 'keshavsethi', 'type': 'User'}, {'comment_id': 432868808, 'comment_body': 'You could create a function to encapsulate the block and pass an ID as an argument, right?', 'comment_created': datetime.datetime(2020, 5, 30, 16, 40, 50, tzinfo=datetime.timezone.utc), 'commenter': 'VladimirMikulic', 'type': 'User'}, {'comment_id': 432872863, 'comment_body': ""There are still some serious formatting errors. Don't do this manually, use a tool."", 'comment_created': datetime.datetime(2020, 5, 30, 17, 38, 32, tzinfo=datetime.timezone.utc), 'commenter': 'VladimirMikulic', 'type': 'User'}, {'comment_id': 432885923, 'comment_body': 'I added it as function in spam2.js', 'comment_created': datetime.datetime(2020, 5, 30, 20, 44, 36, tzinfo=datetime.timezone.utc), 'commenter': 'keshavsethi', 'type': 'User'}, {'comment_id': 432890738, 'comment_body': 'Done!', 'comment_created': datetime.datetime(2020, 5, 30, 22, 1, 49, tzinfo=datetime.timezone.utc), 'commenter': 'keshavsethi', 'type': 'User'}, {'comment_id': 432890791, 'comment_body': 'I changed it and used a tool, is it fine now?', 'comment_created': datetime.datetime(2020, 5, 30, 22, 2, 50, tzinfo=datetime.timezone.utc), 'commenter': 'keshavsethi', 'type': 'User'}, {'comment_id': 433182205, 'comment_body': 'It might be a bit more efficient and clearer here to first get the specific nodes and then paginate them.', 'comment_created': datetime.datetime(2020, 6, 1, 11, 30, 12, tzinfo=datetime.timezone.utc), 'commenter': 'Uzay-G', 'type': 'User'}, {'comment_id': 433182336, 'comment_body': 'please change `amdin` to `admin` here. Thanks :+1:', 'comment_created': datetime.datetime(2020, 6, 1, 11, 30, 33, tzinfo=datetime.timezone.utc), 'commenter': 'Uzay-G', 'type': 'User'}, {'comment_id': 433182418, 'comment_body': 'adn -> and', 'comment_created': datetime.datetime(2020, 6, 1, 11, 30, 44, tzinfo=datetime.timezone.utc), 'commenter': 'Uzay-G', 'type': 'User'}, {'comment_id': 433183472, 'comment_body': 'Before we merge this large pr, we need to implement testing for the different routes here. I think this is essential with functional tests for the batch actions and then possibly a system test for the dashboard.', 'comment_created': datetime.datetime(2020, 6, 1, 11, 33, 26, tzinfo=datetime.timezone.utc), 'commenter': 'Uzay-G', 'type': 'User'}, {'comment_id': 433418354, 'comment_body': 'Yes, rightly said @Uzay-G . I was going to write this. Thanks for bringing the point. ', 'comment_created': datetime.datetime(2020, 6, 1, 18, 41, 18, tzinfo=datetime.timezone.utc), 'commenter': 'pydevsg', 'type': 'User'}, {'comment_id': 433605264, 'comment_body': 'Done, thanks!', 'comment_created': datetime.datetime(2020, 6, 2, 3, 51, 46, tzinfo=datetime.timezone.utc), 'commenter': 'keshavsethi', 'type': 'User'}, {'comment_id': 433605814, 'comment_body': 'Sorry for that, Changed it!', 'comment_created': datetime.datetime(2020, 6, 2, 3, 54, 16, tzinfo=datetime.timezone.utc), 'commenter': 'keshavsethi', 'type': 'User'}, {'comment_id': 433606313, 'comment_body': 'Changed it :sweat_smile: ', 'comment_created': datetime.datetime(2020, 6, 2, 3, 56, 37, tzinfo=datetime.timezone.utc), 'commenter': 'keshavsethi', 'type': 'User'}, {'comment_id': 433606576, 'comment_body': 'Sure, I am working on that. Thanks!!', 'comment_created': datetime.datetime(2020, 6, 2, 3, 57, 45, tzinfo=datetime.timezone.utc), 'commenter': 'keshavsethi', 'type': 'User'}, {'comment_id': 433848378, 'comment_body': 'Functional tests are done, please review. Thanks!!', 'comment_created': datetime.datetime(2020, 6, 2, 12, 48, 30, tzinfo=datetime.timezone.utc), 'commenter': 'keshavsethi', 'type': 'User'}]","[{'commit_sha': '95cc5c1fca18a090aa3c6ba89b06f0de809949ca', 'committer_username': 'keshavsethi', 'committer_name': 'Keshav Sethi', 'committer_email': None, 'commit_date': datetime.datetime(2018, 2, 1, 5, 22, 13, tzinfo=datetime.timezone.utc)}, {'commit_sha': 'cadf7cff6082703db7441c32fca6e29cd84e885b', 'committer_username': 'keshavsethi', 'committer_name': 'Keshav Sethi', 'committer_email': None, 'commit_date': datetime.datetime(2018, 2, 1, 5, 22, 13, tzinfo=datetime.timezone.utc)}, {'commit_sha': '2bbb68864295863c011e448fee3ec53e4f408e8a', 'committer_username': 'keshavsethi', 'committer_name': 'Keshav Sethi', 'committer_email': None, 'commit_date': datetime.datetime(2018, 2, 1, 5, 22, 13, tzinfo=datetime.timezone.utc)}, {'commit_sha': 'd2d86a0e8c7b1828aa8e5c66e74f5862de654eb1', 'committer_username': 'keshavsethi', 'committer_name': 'Keshav Sethi', 'committer_email': None, 'commit_date': datetime.datetime(2018, 2, 1, 5, 22, 13, tzinfo=datetime.timezone.utc)}, {'commit_sha': '5102982960bfc62d2bb006c434facc882909f5a0', 'committer_username': 'keshavsethi', 'committer_name': 'Keshav Sethi', 'committer_email': None, 'commit_date': datetime.datetime(2018, 2, 1, 5, 22, 13, tzinfo=datetime.timezone.utc)}, {'commit_sha': 'ca0083127c9c816a8d8a24487692c0182e453418', 'committer_username': 'keshavsethi', 'committer_name': 'Keshav Sethi', 'committer_email': None, 'commit_date': datetime.datetime(2018, 2, 1, 5, 22, 13, tzinfo=datetime.timezone.utc)}, {'commit_sha': '9a7b7d807437aa146e7d62e20cab76c687b8c3be', 'committer_username': 'keshavsethi', 'committer_name': 'Keshav Sethi', 'committer_email': None, 'commit_date': datetime.datetime(2018, 2, 1, 5, 22, 13, tzinfo=datetime.timezone.utc)}, {'commit_sha': '56ecbadb5e85059fe5fae60e01b11cb026f5dba8', 'committer_username': 'keshavsethi', 'committer_name': 'Keshav Sethi', 'committer_email': None, 'commit_date': datetime.datetime(2018, 2, 1, 5, 22, 13, tzinfo=datetime.timezone.utc)}, {'commit_sha': 'a53492eceebbcdbdd781690f9ef5324f4af046c7', 'committer_username': 'keshavsethi', 'committer_name': 'Keshav Sethi', 'committer_email': None, 'commit_date': datetime.datetime(2018, 2, 1, 5, 22, 13, tzinfo=datetime.timezone.utc)}, {'commit_sha': 'c23863641a9dfe034777d8d33a21e375408441c9', 'committer_username': 'keshavsethi', 'committer_name': 'Keshav Sethi', 'committer_email': None, 'commit_date': datetime.datetime(2018, 2, 1, 5, 22, 13, tzinfo=datetime.timezone.utc)}, {'commit_sha': '5c7fbcf43ce759c213dd8eafa63465fbe6fb5401', 'committer_username': 'keshavsethi', 'committer_name': 'Keshav Sethi', 'committer_email': None, 'commit_date': datetime.datetime(2018, 2, 1, 5, 22, 13, tzinfo=datetime.timezone.utc)}, {'commit_sha': '42c8878e4c2a77b568c222e249195198e43753f8', 'committer_username': 'keshavsethi', 'committer_name': 'Keshav Sethi', 'committer_email': None, 'commit_date': datetime.datetime(2018, 2, 1, 5, 22, 13, tzinfo=datetime.timezone.utc)}, {'commit_sha': '02f4be8f118ba8b25fc957ad0bcc4caf4cb0a137', 'committer_username': 'keshavsethi', 'committer_name': 'Keshav Sethi', 'committer_email': None, 'commit_date': datetime.datetime(2018, 2, 1, 5, 22, 13, tzinfo=datetime.timezone.utc)}, {'commit_sha': '04b3a9242373908046adae44ed5819842bcdcd6f', 'committer_username': 'keshavsethi', 'committer_name': 'Keshav Sethi', 'committer_email': None, 'commit_date': datetime.datetime(2018, 2, 1, 5, 22, 13, tzinfo=datetime.timezone.utc)}, {'commit_sha': '1541cf0430ffa8ec34f77ce81a81e0d968a6de18', 'committer_username': 'keshavsethi', 'committer_name': 'Keshav Sethi', 'committer_email': None, 'commit_date': datetime.datetime(2018, 2, 1, 5, 22, 13, tzinfo=datetime.timezone.utc)}, {'commit_sha': 'a24b3881ed23e6421c5fd7e406fd23a3f9cc5eea', 'committer_username': 'keshavsethi', 'committer_name': 'Keshav Sethi', 'committer_email': None, 'commit_date': datetime.datetime(2018, 2, 1, 5, 22, 13, tzinfo=datetime.timezone.utc)}, {'commit_sha': 'd3684e99823b99066ce29463c5a2028d8f0c0718', 'committer_username': 'keshavsethi', 'committer_name': 'Keshav Sethi', 'committer_email': None, 'commit_date': datetime.datetime(2018, 2, 1, 5, 22, 13, tzinfo=datetime.timezone.utc)}, {'commit_sha': '2621f0e3cfd798e68d0cf455164475b32c1a96f7', 'committer_username': 'keshavsethi', 'committer_name': 'Keshav Sethi', 'committer_email': None, 'commit_date': datetime.datetime(2018, 2, 1, 5, 22, 13, tzinfo=datetime.timezone.utc)}, {'commit_sha': 'b67c400d39995c4302543f82d7beff4d7535a75b', 'committer_username': 'keshavsethi', 'committer_name': 'Keshav Sethi', 'committer_email': None, 'commit_date': datetime.datetime(2018, 2, 1, 5, 22, 13, tzinfo=datetime.timezone.utc)}, {'commit_sha': 'b1d62b92b96d14ba7d64319382e0692788d55f02', 'committer_username': 'keshavsethi', 'committer_name': 'Keshav Sethi', 'committer_email': None, 'commit_date': datetime.datetime(2018, 2, 1, 5, 22, 13, tzinfo=datetime.timezone.utc)}, {'commit_sha': 'a479e2a281c836c60146740179c3f80f68f330be', 'committer_username': 'keshavsethi', 'committer_name': 'Keshav Sethi', 'committer_email': None, 'commit_date': datetime.datetime(2018, 2, 1, 5, 22, 13, tzinfo=datetime.timezone.utc)}, {'commit_sha': 'b19f9c5540a6a01ea5668fa80807f5b35899f884', 'committer_username': 'keshavsethi', 'committer_name': 'Keshav Sethi', 'committer_email': None, 'commit_date': datetime.datetime(2018, 2, 1, 5, 22, 13, tzinfo=datetime.timezone.utc)}, {'commit_sha': 'f2a37b1c977d746ce7ae1753948b1e9ebf266f8c', 'committer_username': 'keshavsethi', 'committer_name': 'Keshav Sethi', 'committer_email': None, 'commit_date': datetime.datetime(2018, 2, 1, 5, 22, 13, tzinfo=datetime.timezone.utc)}, {'commit_sha': 'ea722807d28068757a21f39de54b94c5864ec179', 'committer_username': 'keshavsethi', 'committer_name': 'Keshav Sethi', 'committer_email': None, 'commit_date': datetime.datetime(2018, 2, 1, 5, 22, 13, tzinfo=datetime.timezone.utc)}, {'commit_sha': 'b670c9066c7c975028215b214d7a34e31fac9e1a', 'committer_username': 'keshavsethi', 'committer_name': 'Keshav Sethi', 'committer_email': None, 'commit_date': datetime.datetime(2018, 2, 1, 5, 22, 13, tzinfo=datetime.timezone.utc)}, {'commit_sha': '33b986cea14aaed9bec083ae72c7fd7d0958bcd6', 'committer_username': 'keshavsethi', 'committer_name': 'Keshav Sethi', 'committer_email': None, 'commit_date': datetime.datetime(2018, 2, 1, 5, 22, 13, tzinfo=datetime.timezone.utc)}, {'commit_sha': '5db959f3a1f689539b3381ee01999fc9775c665d', 'committer_username': 'keshavsethi', 'committer_name': 'Keshav Sethi', 'committer_email': None, 'commit_date': datetime.datetime(2018, 2, 1, 5, 22, 13, tzinfo=datetime.timezone.utc)}, {'commit_sha': '6f09d5edc3838ac8eaa77c8440f9a9059c437c1f', 'committer_username': 'keshavsethi', 'committer_name': 'Keshav Sethi', 'committer_email': None, 'commit_date': datetime.datetime(2018, 2, 1, 5, 22, 13, tzinfo=datetime.timezone.utc)}, {'commit_sha': 'cfd0f069a89fb8f4f069373a0bfb043dc10f1092', 'committer_username': 'keshavsethi', 'committer_name': 'Keshav Sethi', 'committer_email': None, 'commit_date': datetime.datetime(2018, 2, 1, 5, 22, 13, tzinfo=datetime.timezone.utc)}]",Keshav Sethi,36025262,,User,,44,,8,12
473432387,Spam2 minor bug fixes ,"@jywarren  I found few errors in spam2 (stable). I fixed them here. Please review!!
Thanks!! ",True,8352,https://api.github.com/repos/publiclab/plots2/pulls/8352,https://github.com/publiclab/plots2/pull/8352,closed,27,19,4,2,3,0,0,0,[],2020-08-25 19:55:50+00:00,2020-08-25 20:03:34+00:00,464.0,0:07:44,[],"[{'commit_sha': 'f33d87c54051e750dc477010995546cc59901598', 'committer_username': 'keshavsethi', 'committer_name': 'Keshav Sethi', 'committer_email': None, 'commit_date': datetime.datetime(2018, 2, 1, 5, 22, 13, tzinfo=datetime.timezone.utc)}, {'commit_sha': 'd8636526257bc5d3ed17473bf31c17f202834236', 'committer_username': 'keshavsethi', 'committer_name': 'Keshav Sethi', 'committer_email': None, 'commit_date': datetime.datetime(2018, 2, 1, 5, 22, 13, tzinfo=datetime.timezone.utc)}]",Keshav Sethi,36025262,,User,,44,,8,12
433392134,spam2 delete node alert and system tests,"There were some errors in the stable as /spam2 was not working there  
`dfc6a9d5-00fa-4d38-95e5-962d24dbf6be] ActionView::Template::Error (no implicit conversion of nil into String):
`
I made a few changes and added system tests for this. I am working on the rest of the system test.
@jywarren Please review this and merge if it is fine. So that I can test spam2 in stable and make some changes.
Thanks!!
",True,8022,https://api.github.com/repos/publiclab/plots2/pulls/8022,https://github.com/publiclab/plots2/pull/8022,closed,32,4,2,1,1,1,0,0,[],2020-06-11 23:53:49+00:00,2020-06-12 01:19:17+00:00,5128.0,1:25:28,"[{'comment_id': 439157547, 'comment_body': 'Awesome!!!', 'comment_created': datetime.datetime(2020, 6, 12, 1, 19, 3, tzinfo=datetime.timezone.utc), 'commenter': 'jywarren', 'type': 'User'}]","[{'commit_sha': '7b3b27e8a504e9579a74d67837342e7ee2c31902', 'committer_username': 'keshavsethi', 'committer_name': 'Keshav Sethi', 'committer_email': None, 'commit_date': datetime.datetime(2018, 2, 1, 5, 22, 13, tzinfo=datetime.timezone.utc)}]",Keshav Sethi,36025262,,User,,44,,8,12
473432387,Spam2 minor bug fixes ,"@jywarren  I found few errors in spam2 (stable). I fixed them here. Please review!!
Thanks!! ",True,8352,https://api.github.com/repos/publiclab/plots2/pulls/8352,https://github.com/publiclab/plots2/pull/8352,closed,27,19,4,2,3,0,0,0,[],2020-08-25 19:55:50+00:00,2020-08-25 20:03:34+00:00,464.0,0:07:44,[],"[{'commit_sha': 'f33d87c54051e750dc477010995546cc59901598', 'committer_username': 'keshavsethi', 'committer_name': 'Keshav Sethi', 'committer_email': None, 'commit_date': datetime.datetime(2018, 2, 1, 5, 22, 13, tzinfo=datetime.timezone.utc)}, {'commit_sha': 'd8636526257bc5d3ed17473bf31c17f202834236', 'committer_username': 'keshavsethi', 'committer_name': 'Keshav Sethi', 'committer_email': None, 'commit_date': datetime.datetime(2018, 2, 1, 5, 22, 13, tzinfo=datetime.timezone.utc)}]",Keshav Sethi,36025262,,User,,44,,8,12
434119882,"spam2 stable issues, UI update and modals added","There were few bugs in the UI of the spam management dashboard. 
- Wrong ids in /comments and /revisions 
- created modal for comment and revisions 
- default order nodes wrt time 
- **UI is updated** as there were few issues related to banner in stable. Apart from that this new UI requires very less external css and it is based on bootstrap mostly. it has everything which was in old UI. This is fully responsive and better than the previous UI. I have attached some screenshots and gifs.
![Screenshot from 2020-06-20 18-14-00](https://user-images.githubusercontent.com/36025262/85202196-4bc9d580-b322-11ea-928f-ce5d10ebef8c.png)
![Screenshot from 2020-06-20 18-10-04](https://user-images.githubusercontent.com/36025262/85202197-4ec4c600-b322-11ea-9f27-1080c2e1fdbc.png)
![Screenshot from 2020-06-20 18-09-47](https://user-images.githubusercontent.com/36025262/85202199-51272000-b322-11ea-9a7d-ea99927cc95e.png)

There are a few issues that I am facing currently: 
1. /spam2 and /spam2/revision are giving error in stable while wiki and comment are fine, I think it might be due to invalid ID or something. I have changed it but not sure if it is the only issue. 
I have added (&.) instead of (.) it will discard all values where node.author is nill. Please review this.
` <a href=""/profile/<%= node.author&.name %>""><%= node.author&.name %> <%= node.author&.new_contributor%></a> `
Please review @jywarren @SidharthBansal @cesswairimu @pydevsg @ananyaarun @VladimirMikulic @Uzay-G @emilyashley 
Thanks!!",True,8034,https://api.github.com/repos/publiclab/plots2/pulls/8034,https://github.com/publiclab/plots2/pull/8034,closed,249,277,9,18,22,6,0,0,[],2020-06-14 09:41:35+00:00,2020-06-23 19:39:18+00:00,813463.0,"9 days, 9:57:43","[{'comment_id': 441512161, 'comment_body': 'Hey @keshavsethi , not a big deal but just wanted to know why you choose to use ` _methodname`', 'comment_created': datetime.datetime(2020, 6, 17, 12, 38, 42, tzinfo=datetime.timezone.utc), 'commenter': 'cesswairimu', 'type': 'User'}, {'comment_id': 441826616, 'comment_body': 'spam is method name for /spam(admin controller) while ""_spam"" is method name for /spam2 (spam2 controller). There was an error in method name so I corrected it', 'comment_created': datetime.datetime(2020, 6, 17, 20, 50, 59, tzinfo=datetime.timezone.utc), 'commenter': 'keshavsethi', 'type': 'User'}, {'comment_id': 442009498, 'comment_body': 'gotcha :+1: ', 'comment_created': datetime.datetime(2020, 6, 18, 7, 1, 35, tzinfo=datetime.timezone.utc), 'commenter': 'cesswairimu', 'type': 'User'}, {'comment_id': 442020155, 'comment_body': 'hey @keshavsethi  , inplace of alert what else have you added .\r\nAlso can you tell me if you have added something in CSS when a model pop ups, thanks. ', 'comment_created': datetime.datetime(2020, 6, 18, 7, 23, 55, tzinfo=datetime.timezone.utc), 'commenter': 'pydevsg', 'type': 'User'}, {'comment_id': 442064684, 'comment_body': 'Alert is there, it is just a z-index for that which I have added when there was another top nav for bulk moderation(previous UI). Now I have moved that nav below the card and there is no need to specify z-index for alert. I have used a modal bootstrap class here.', 'comment_created': datetime.datetime(2020, 6, 18, 8, 40, 54, tzinfo=datetime.timezone.utc), 'commenter': 'keshavsethi', 'type': 'User'}, {'comment_id': 443240459, 'comment_body': ':+1: ', 'comment_created': datetime.datetime(2020, 6, 21, 17, 33, 46, tzinfo=datetime.timezone.utc), 'commenter': 'pydevsg', 'type': 'User'}]","[{'commit_sha': '6ccca9b3c9b6c5433269c179ef190a38d50be6dc', 'committer_username': 'keshavsethi', 'committer_name': 'Keshav Sethi', 'committer_email': None, 'commit_date': datetime.datetime(2018, 2, 1, 5, 22, 13, tzinfo=datetime.timezone.utc)}, {'commit_sha': 'ba02d53f6751883fc4e6a0347299aafaa1654e24', 'committer_username': 'keshavsethi', 'committer_name': 'Keshav Sethi', 'committer_email': None, 'commit_date': datetime.datetime(2018, 2, 1, 5, 22, 13, tzinfo=datetime.timezone.utc)}, {'commit_sha': 'a6cbc8dc9d698739fef2474b9423dc9eb309d587', 'committer_username': 'keshavsethi', 'committer_name': 'Keshav Sethi', 'committer_email': None, 'commit_date': datetime.datetime(2018, 2, 1, 5, 22, 13, tzinfo=datetime.timezone.utc)}, {'commit_sha': '9f55771a8a1b4b22b0dec7db1cf7369f1ce9b126', 'committer_username': 'keshavsethi', 'committer_name': 'Keshav Sethi', 'committer_email': None, 'commit_date': datetime.datetime(2018, 2, 1, 5, 22, 13, tzinfo=datetime.timezone.utc)}, {'commit_sha': '6c3abab439ad3e7d1a2f5ae5087ef2ea252fcab3', 'committer_username': 'keshavsethi', 'committer_name': 'Keshav Sethi', 'committer_email': None, 'commit_date': datetime.datetime(2018, 2, 1, 5, 22, 13, tzinfo=datetime.timezone.utc)}, {'commit_sha': 'fc83129486b99a3310e9198f9706891ffdad58f3', 'committer_username': 'keshavsethi', 'committer_name': 'Keshav Sethi', 'committer_email': None, 'commit_date': datetime.datetime(2018, 2, 1, 5, 22, 13, tzinfo=datetime.timezone.utc)}, {'commit_sha': '4a70e9c07f79c85690f6ab6f7658d98876ad8589', 'committer_username': 'keshavsethi', 'committer_name': 'Keshav Sethi', 'committer_email': None, 'commit_date': datetime.datetime(2018, 2, 1, 5, 22, 13, tzinfo=datetime.timezone.utc)}, {'commit_sha': '9faf5b70315becf3776bf9b93c81e0f58ed7f201', 'committer_username': 'keshavsethi', 'committer_name': 'Keshav Sethi', 'committer_email': None, 'commit_date': datetime.datetime(2018, 2, 1, 5, 22, 13, tzinfo=datetime.timezone.utc)}, {'commit_sha': 'a6fecc8cc0ab36856c17e48b6629f9f6901fc3a2', 'committer_username': 'keshavsethi', 'committer_name': 'Keshav Sethi', 'committer_email': None, 'commit_date': datetime.datetime(2018, 2, 1, 5, 22, 13, tzinfo=datetime.timezone.utc)}, {'commit_sha': '748aa35ae18e364617347e88207e9afdee4fb137', 'committer_username': 'keshavsethi', 'committer_name': 'Keshav Sethi', 'committer_email': None, 'commit_date': datetime.datetime(2018, 2, 1, 5, 22, 13, tzinfo=datetime.timezone.utc)}, {'commit_sha': '22138222a6bf7488e731f9209f5f2aa81a604e8a', 'committer_username': 'keshavsethi', 'committer_name': 'Keshav Sethi', 'committer_email': None, 'commit_date': datetime.datetime(2018, 2, 1, 5, 22, 13, tzinfo=datetime.timezone.utc)}, {'commit_sha': 'f92dd0940f96596f649c7d949ad86e81bbc5c998', 'committer_username': 'keshavsethi', 'committer_name': 'Keshav Sethi', 'committer_email': None, 'commit_date': datetime.datetime(2018, 2, 1, 5, 22, 13, tzinfo=datetime.timezone.utc)}, {'commit_sha': '53d16b54352c9627d5d71b7379b60366e0f33f2f', 'committer_username': 'keshavsethi', 'committer_name': 'Keshav Sethi', 'committer_email': None, 'commit_date': datetime.datetime(2018, 2, 1, 5, 22, 13, tzinfo=datetime.timezone.utc)}, {'commit_sha': 'ee2a1e9e05ecc0cec2e021d682421f56ad846628', 'committer_username': 'keshavsethi', 'committer_name': 'Keshav Sethi', 'committer_email': None, 'commit_date': datetime.datetime(2018, 2, 1, 5, 22, 13, tzinfo=datetime.timezone.utc)}, {'commit_sha': '1861c0a31636d34c64c6b23311003a515561637a', 'committer_username': 'keshavsethi', 'committer_name': 'Keshav Sethi', 'committer_email': None, 'commit_date': datetime.datetime(2018, 2, 1, 5, 22, 13, tzinfo=datetime.timezone.utc)}, {'commit_sha': 'f6c3b95baab33d40e43a87cfcdabb37c63b7c70f', 'committer_username': 'keshavsethi', 'committer_name': 'Keshav Sethi', 'committer_email': None, 'commit_date': datetime.datetime(2018, 2, 1, 5, 22, 13, tzinfo=datetime.timezone.utc)}, {'commit_sha': 'dc77f27684eaadd9edd67f93676bb51e65d1f70b', 'committer_username': 'keshavsethi', 'committer_name': 'Keshav Sethi', 'committer_email': None, 'commit_date': datetime.datetime(2018, 2, 1, 5, 22, 13, tzinfo=datetime.timezone.utc)}, {'commit_sha': '62dbc004ca45fc67dcfca87a2a629b301b42b0f3', 'committer_username': 'keshavsethi', 'committer_name': 'Keshav Sethi', 'committer_email': None, 'commit_date': datetime.datetime(2018, 2, 1, 5, 22, 13, tzinfo=datetime.timezone.utc)}]",Keshav Sethi,36025262,,User,,44,,8,12
473432387,Spam2 minor bug fixes ,"@jywarren  I found few errors in spam2 (stable). I fixed them here. Please review!!
Thanks!! ",True,8352,https://api.github.com/repos/publiclab/plots2/pulls/8352,https://github.com/publiclab/plots2/pull/8352,closed,27,19,4,2,3,0,0,0,[],2020-08-25 19:55:50+00:00,2020-08-25 20:03:34+00:00,464.0,0:07:44,[],"[{'commit_sha': 'f33d87c54051e750dc477010995546cc59901598', 'committer_username': 'keshavsethi', 'committer_name': 'Keshav Sethi', 'committer_email': None, 'commit_date': datetime.datetime(2018, 2, 1, 5, 22, 13, tzinfo=datetime.timezone.utc)}, {'commit_sha': 'd8636526257bc5d3ed17473bf31c17f202834236', 'committer_username': 'keshavsethi', 'committer_name': 'Keshav Sethi', 'committer_email': None, 'commit_date': datetime.datetime(2018, 2, 1, 5, 22, 13, tzinfo=datetime.timezone.utc)}]",Keshav Sethi,36025262,,User,,44,,8,12
434965851,system tests for spam2,"System tests for Spam2

@jywarren @cesswairimu @VladimirMikulic @ebarry @emilyashley @pydevsg @ananyaarun @SidharthBansal @Uzay-G Please review and give suggestions

I am having a few issues related to stable spam2 which I have mentioned in https://github.com/publiclab/plots2/pull/8034 Please review this as well 

Thanks!
",True,8038,https://api.github.com/repos/publiclab/plots2/pulls/8038,https://github.com/publiclab/plots2/pull/8038,closed,157,21,2,1,3,0,0,0,[],2020-06-16 04:28:11+00:00,2020-06-16 20:22:37+00:00,57266.0,15:54:26,[],"[{'commit_sha': 'c450b2b765efcf8b983437a1063d3c460ac7f012', 'committer_username': 'keshavsethi', 'committer_name': 'Keshav Sethi', 'committer_email': None, 'commit_date': datetime.datetime(2018, 2, 1, 5, 22, 13, tzinfo=datetime.timezone.utc)}]",Keshav Sethi,36025262,,User,,44,,8,12
473432387,Spam2 minor bug fixes ,"@jywarren  I found few errors in spam2 (stable). I fixed them here. Please review!!
Thanks!! ",True,8352,https://api.github.com/repos/publiclab/plots2/pulls/8352,https://github.com/publiclab/plots2/pull/8352,closed,27,19,4,2,3,0,0,0,[],2020-08-25 19:55:50+00:00,2020-08-25 20:03:34+00:00,464.0,0:07:44,[],"[{'commit_sha': 'f33d87c54051e750dc477010995546cc59901598', 'committer_username': 'keshavsethi', 'committer_name': 'Keshav Sethi', 'committer_email': None, 'commit_date': datetime.datetime(2018, 2, 1, 5, 22, 13, tzinfo=datetime.timezone.utc)}, {'commit_sha': 'd8636526257bc5d3ed17473bf31c17f202834236', 'committer_username': 'keshavsethi', 'committer_name': 'Keshav Sethi', 'committer_email': None, 'commit_date': datetime.datetime(2018, 2, 1, 5, 22, 13, tzinfo=datetime.timezone.utc)}]",Keshav Sethi,36025262,,User,,44,,8,12
437958776,Spam2: Digest for Unmoderated posts with settings,"Here **digest for unmoderated posts** is added where I have used tag **digest:daily:spam** for daily digest and **digest:weekly:spam** for weekly digest. There is also a test button in the profile section which is used to generate the daily digest. Settings for this are only visible to moderators and admin. _**This PR is similar to https://github.com/publiclab/plots2/pull/7987 with some additional changes like tags and settings.**_

Please refer to following Screenshots:
![Screenshot from 2020-06-22 18-50-06](https://user-images.githubusercontent.com/36025262/85294961-e65e1c00-b4bc-11ea-9dff-0e8abe21535f.png)
![Screenshot from 2020-06-22 18-49-34](https://user-images.githubusercontent.com/36025262/85294966-e8c07600-b4bc-11ea-8c4f-a73e385a433a.png)
![Screenshot from 2020-06-22 18-49-51](https://user-images.githubusercontent.com/36025262/85294956-e3632b80-b4bc-11ea-8372-33b1c489c91c.png)
Please review @jywarren @cesswairimu @pydevsg @ananyaarun @ebarry @emilyashley @VladimirMikulic @Uzay-G 
Thanks!
",True,8058,https://api.github.com/repos/publiclab/plots2/pulls/8058,https://github.com/publiclab/plots2/pull/8058,closed,168,11,11,4,4,8,0,0,[],2020-06-22 13:52:25+00:00,2020-06-30 14:54:29+00:00,694924.0,"8 days, 1:02:04","[{'comment_id': 444330545, 'comment_body': ""Here, could we create a (maybe `<h4>` bounded?) subsection for Moderation settings? That way it's a little easier to skim to the settings you want. Also, could we add `a` in front of each instance of this phrase, for both existing and new settings? It's a little better grammatically:\r\n\r\n`weekly digest` => `a weekly digest` (and same for all others on this page?\r\n\r\nThank you @keshavsethi this is looking AMAZING!!! ðŸŽ‰ ðŸ™Œ "", 'comment_created': datetime.datetime(2020, 6, 23, 15, 53, 35, tzinfo=datetime.timezone.utc), 'commenter': 'jywarren', 'type': 'User'}]","[{'commit_sha': 'f534a697240f75a172d0326405bbe3d12b5e1ad4', 'committer_username': 'keshavsethi', 'committer_name': 'Keshav Sethi', 'committer_email': None, 'commit_date': datetime.datetime(2018, 2, 1, 5, 22, 13, tzinfo=datetime.timezone.utc)}, {'commit_sha': '4d39d5e206f375833af64a79a416e72531b4d638', 'committer_username': 'keshavsethi', 'committer_name': 'Keshav Sethi', 'committer_email': None, 'commit_date': datetime.datetime(2018, 2, 1, 5, 22, 13, tzinfo=datetime.timezone.utc)}, {'commit_sha': '9261c4fe291f9fb75271350838450b61c0bfe8bb', 'committer_username': 'keshavsethi', 'committer_name': 'Keshav Sethi', 'committer_email': None, 'commit_date': datetime.datetime(2018, 2, 1, 5, 22, 13, tzinfo=datetime.timezone.utc)}, {'commit_sha': '784f602806e6c4ca8a455aaf27f6e6c75ff11cac', 'committer_username': 'keshavsethi', 'committer_name': 'Keshav Sethi', 'committer_email': None, 'commit_date': datetime.datetime(2018, 2, 1, 5, 22, 13, tzinfo=datetime.timezone.utc)}]",Keshav Sethi,36025262,,User,,44,,8,12
473432387,Spam2 minor bug fixes ,"@jywarren  I found few errors in spam2 (stable). I fixed them here. Please review!!
Thanks!! ",True,8352,https://api.github.com/repos/publiclab/plots2/pulls/8352,https://github.com/publiclab/plots2/pull/8352,closed,27,19,4,2,3,0,0,0,[],2020-08-25 19:55:50+00:00,2020-08-25 20:03:34+00:00,464.0,0:07:44,[],"[{'commit_sha': 'f33d87c54051e750dc477010995546cc59901598', 'committer_username': 'keshavsethi', 'committer_name': 'Keshav Sethi', 'committer_email': None, 'commit_date': datetime.datetime(2018, 2, 1, 5, 22, 13, tzinfo=datetime.timezone.utc)}, {'commit_sha': 'd8636526257bc5d3ed17473bf31c17f202834236', 'committer_username': 'keshavsethi', 'committer_name': 'Keshav Sethi', 'committer_email': None, 'commit_date': datetime.datetime(2018, 2, 1, 5, 22, 13, tzinfo=datetime.timezone.utc)}]",Keshav Sethi,36025262,,User,,44,,8,12
438858623,Spam2: pagination added,"Stable was taking too much time to render all data. So, here I used Will_Paginate which will divide data into pages. I will customize it more in future PRs. Please refer to the following Screenshot.

![Screenshot from 2020-06-24 03-54-53](https://user-images.githubusercontent.com/36025262/85472473-83a97500-b5cf-11ea-96f3-a5431b0b8a33.png)

@jywarren @emilyashley @cesswairimu @pydevsg @VladimirMikulic Please review.
Thanks!
",True,8063,https://api.github.com/repos/publiclab/plots2/pulls/8063,https://github.com/publiclab/plots2/pull/8063,closed,90,47,7,13,15,18,0,0,[],2020-06-23 22:33:33+00:00,2020-06-30 10:46:36+00:00,562383.0,"6 days, 12:13:03","[{'comment_id': 444545519, 'comment_body': 'Could you please format JS properly (with a tool)?\r\nThanks, @keshavsethi.', 'comment_created': datetime.datetime(2020, 6, 23, 22, 35, 4, tzinfo=datetime.timezone.utc), 'commenter': 'VladimirMikulic', 'type': 'User'}, {'comment_id': 444546452, 'comment_body': 'Ya Sure, Thanks!', 'comment_created': datetime.datetime(2020, 6, 23, 22, 37, 56, tzinfo=datetime.timezone.utc), 'commenter': 'keshavsethi', 'type': 'User'}, {'comment_id': 444613168, 'comment_body': 'Here, could `.paginate()` go on its own line aligned with `.where()` and `.order()`? Thanks!', 'comment_created': datetime.datetime(2020, 6, 24, 2, 42, 29, tzinfo=datetime.timezone.utc), 'commenter': 'jywarren', 'type': 'User'}, {'comment_id': 444613554, 'comment_body': 'and the same for the other instances! This will be great, thanks!!!', 'comment_created': datetime.datetime(2020, 6, 24, 2, 44, 3, tzinfo=datetime.timezone.utc), 'commenter': 'jywarren', 'type': 'User'}, {'comment_id': 444957952, 'comment_body': 'Oops, sorry -- looks like you missed one here -- can you fix this too? Thanks!', 'comment_created': datetime.datetime(2020, 6, 24, 14, 57, 3, tzinfo=datetime.timezone.utc), 'commenter': 'jywarren', 'type': 'User'}, {'comment_id': 444966126, 'comment_body': '@jywarren  Sure, Thanks!!', 'comment_created': datetime.datetime(2020, 6, 24, 15, 8, 2, tzinfo=datetime.timezone.utc), 'commenter': 'keshavsethi', 'type': 'User'}, {'comment_id': 446972644, 'comment_body': ""You haven't closed this div :)"", 'comment_created': datetime.datetime(2020, 6, 29, 13, 30, 42, tzinfo=datetime.timezone.utc), 'commenter': 'VladimirMikulic', 'type': 'User'}, {'comment_id': 446972860, 'comment_body': '`</div>` :)', 'comment_created': datetime.datetime(2020, 6, 29, 13, 31, 2, tzinfo=datetime.timezone.utc), 'commenter': 'VladimirMikulic', 'type': 'User'}, {'comment_id': 446973089, 'comment_body': 'Could you format this HTML as well (indent it)?', 'comment_created': datetime.datetime(2020, 6, 29, 13, 31, 20, tzinfo=datetime.timezone.utc), 'commenter': 'VladimirMikulic', 'type': 'User'}, {'comment_id': 446973299, 'comment_body': 'Could you format this CSS block?', 'comment_created': datetime.datetime(2020, 6, 29, 13, 31, 37, tzinfo=datetime.timezone.utc), 'commenter': 'VladimirMikulic', 'type': 'User'}, {'comment_id': 447076911, 'comment_body': 'Done, Thanks!\r\n', 'comment_created': datetime.datetime(2020, 6, 29, 15, 54, 34, tzinfo=datetime.timezone.utc), 'commenter': 'keshavsethi', 'type': 'User'}, {'comment_id': 447077080, 'comment_body': 'Done Thanks!!', 'comment_created': datetime.datetime(2020, 6, 29, 15, 54, 46, tzinfo=datetime.timezone.utc), 'commenter': 'keshavsethi', 'type': 'User'}, {'comment_id': 447077342, 'comment_body': 'Sure, done Thanks!!', 'comment_created': datetime.datetime(2020, 6, 29, 15, 55, 5, tzinfo=datetime.timezone.utc), 'commenter': 'keshavsethi', 'type': 'User'}, {'comment_id': 447083109, 'comment_body': ""It looks like you've forgot this one!"", 'comment_created': datetime.datetime(2020, 6, 29, 16, 3, 30, tzinfo=datetime.timezone.utc), 'commenter': 'VladimirMikulic', 'type': 'User'}, {'comment_id': 447085344, 'comment_body': ""Nevermind, I've closed it."", 'comment_created': datetime.datetime(2020, 6, 29, 16, 6, 56, tzinfo=datetime.timezone.utc), 'commenter': 'VladimirMikulic', 'type': 'User'}, {'comment_id': 447091165, 'comment_body': 'oh, sorry for that. Thanks :heart: ', 'comment_created': datetime.datetime(2020, 6, 29, 16, 15, 36, tzinfo=datetime.timezone.utc), 'commenter': 'keshavsethi', 'type': 'User'}, {'comment_id': 447106963, 'comment_body': 'No problem :)', 'comment_created': datetime.datetime(2020, 6, 29, 16, 40, 51, tzinfo=datetime.timezone.utc), 'commenter': 'VladimirMikulic', 'type': 'User'}, {'comment_id': 447589974, 'comment_body': 'Great catch :tada: ', 'comment_created': datetime.datetime(2020, 6, 30, 10, 46, 22, tzinfo=datetime.timezone.utc), 'commenter': 'cesswairimu', 'type': 'User'}]","[{'commit_sha': 'a561ac7a7e45d666fd70c120b9e79cd2bc3b940f', 'committer_username': 'keshavsethi', 'committer_name': 'Keshav Sethi', 'committer_email': None, 'commit_date': datetime.datetime(2018, 2, 1, 5, 22, 13, tzinfo=datetime.timezone.utc)}, {'commit_sha': '897284f395f18bda32639246c7598f490afbda8a', 'committer_username': 'keshavsethi', 'committer_name': 'Keshav Sethi', 'committer_email': None, 'commit_date': datetime.datetime(2018, 2, 1, 5, 22, 13, tzinfo=datetime.timezone.utc)}, {'commit_sha': 'fe8a168a16c395a1eea4d328e1d1a8dafa487d9a', 'committer_username': 'keshavsethi', 'committer_name': 'Keshav Sethi', 'committer_email': None, 'commit_date': datetime.datetime(2018, 2, 1, 5, 22, 13, tzinfo=datetime.timezone.utc)}, {'commit_sha': 'b0739c0c2cd6667186869dd3ffb16e168612942b', 'committer_username': 'keshavsethi', 'committer_name': 'Keshav Sethi', 'committer_email': None, 'commit_date': datetime.datetime(2018, 2, 1, 5, 22, 13, tzinfo=datetime.timezone.utc)}, {'commit_sha': '1bf5a56d89b7371913a28829ebaa89dfd6b2b119', 'committer_username': 'keshavsethi', 'committer_name': 'Keshav Sethi', 'committer_email': None, 'commit_date': datetime.datetime(2018, 2, 1, 5, 22, 13, tzinfo=datetime.timezone.utc)}, {'commit_sha': 'd8222c97691cd53015f037d0677a599a212e4519', 'committer_username': 'keshavsethi', 'committer_name': 'Keshav Sethi', 'committer_email': None, 'commit_date': datetime.datetime(2018, 2, 1, 5, 22, 13, tzinfo=datetime.timezone.utc)}, {'commit_sha': 'bbfcce054c61ee618bd3b88920c6f98fd7e4c8c3', 'committer_username': 'keshavsethi', 'committer_name': 'Keshav Sethi', 'committer_email': None, 'commit_date': datetime.datetime(2018, 2, 1, 5, 22, 13, tzinfo=datetime.timezone.utc)}, {'commit_sha': 'ce5eae67727d6bf9aaba99f91716269d40da4b55', 'committer_username': 'keshavsethi', 'committer_name': 'Keshav Sethi', 'committer_email': None, 'commit_date': datetime.datetime(2018, 2, 1, 5, 22, 13, tzinfo=datetime.timezone.utc)}, {'commit_sha': 'd969b94f80d28e4c83f7fea147b1875724589788', 'committer_username': 'keshavsethi', 'committer_name': 'Keshav Sethi', 'committer_email': None, 'commit_date': datetime.datetime(2018, 2, 1, 5, 22, 13, tzinfo=datetime.timezone.utc)}, {'commit_sha': 'f3763efb2aab371325eafb1e57fc573e7a53cf6d', 'committer_username': 'keshavsethi', 'committer_name': 'Keshav Sethi', 'committer_email': None, 'commit_date': datetime.datetime(2018, 2, 1, 5, 22, 13, tzinfo=datetime.timezone.utc)}, {'commit_sha': '92ec7d9d3b08f19ea08291555c61b707e60af69b', 'committer_username': 'VladimirMikulic', 'committer_name': 'Vladimir Mikulic', 'committer_email': None, 'commit_date': datetime.datetime(2018, 1, 31, 11, 59, 42, tzinfo=datetime.timezone.utc)}, {'commit_sha': '186537b7f1feb9a7cce3a62f99cd2afe57f44107', 'committer_username': 'keshavsethi', 'committer_name': 'Keshav Sethi', 'committer_email': None, 'commit_date': datetime.datetime(2018, 2, 1, 5, 22, 13, tzinfo=datetime.timezone.utc)}, {'commit_sha': 'd54f777f3a8fa14ea4ab81a229dbbe6a7cb25381', 'committer_username': 'keshavsethi', 'committer_name': 'Keshav Sethi', 'committer_email': None, 'commit_date': datetime.datetime(2018, 2, 1, 5, 22, 13, tzinfo=datetime.timezone.utc)}]",Keshav Sethi,36025262,,User,,44,,8,12
473432387,Spam2 minor bug fixes ,"@jywarren  I found few errors in spam2 (stable). I fixed them here. Please review!!
Thanks!! ",True,8352,https://api.github.com/repos/publiclab/plots2/pulls/8352,https://github.com/publiclab/plots2/pull/8352,closed,27,19,4,2,3,0,0,0,[],2020-08-25 19:55:50+00:00,2020-08-25 20:03:34+00:00,464.0,0:07:44,[],"[{'commit_sha': 'f33d87c54051e750dc477010995546cc59901598', 'committer_username': 'keshavsethi', 'committer_name': 'Keshav Sethi', 'committer_email': None, 'commit_date': datetime.datetime(2018, 2, 1, 5, 22, 13, tzinfo=datetime.timezone.utc)}, {'commit_sha': 'd8636526257bc5d3ed17473bf31c17f202834236', 'committer_username': 'keshavsethi', 'committer_name': 'Keshav Sethi', 'committer_email': None, 'commit_date': datetime.datetime(2018, 2, 1, 5, 22, 13, tzinfo=datetime.timezone.utc)}]",Keshav Sethi,36025262,,User,,44,,8,12
443572136,Spam2: system for flagging nodes and comments to moderators and User moderation,"I have added the feature of Flag Nodes in spam2 in which any user can mark node as a flag. It will not affect the status of the node.

Flag will just increase the flag count by 1. If flag is 0 then it means that the node is not flagged and it is ok. All the flagged nodes will be listed on the flags page of spam2. Right now I have done it for nodes and working for flag comments as well.(refer https://github.com/publiclab/plots2/pull/8107#issuecomment-653942167)

If  flag count is above 10 then flag icon also becomes red. 

Here are a few screenshots

![](https://user-images.githubusercontent.com/36025262/87270943-532e6a00-c4ef-11ea-88c1-d7ded81b4f11.gif)

![Screenshot from 2020-07-02 20-20-22](https://user-images.githubusercontent.com/36025262/86374270-ff778180-bca1-11ea-9479-927701f6af01.png)
![Screenshot from 2020-07-02 20-21-03](https://user-images.githubusercontent.com/36025262/86374281-01d9db80-bca2-11ea-96c1-68a939795fae.png)

Here flag count in shown in the status column and red icon indicates that the flag count is more than 10. Spamming that node will also unflag it as it is moderated.
![Screenshot from 2020-07-02 20-21-05](https://user-images.githubusercontent.com/36025262/86374299-043c3580-bca2-11ea-92a7-4121a4fae904.png)
 
@jywarren @cesswairimu @VladimirMikulic @ananyaarun @emilyashley @pydevsg @ebarry @Uzay-G Please review
Thanks!!
",True,8107,https://api.github.com/repos/publiclab/plots2/pulls/8107,https://github.com/publiclab/plots2/pull/8107,closed,860,214,24,27,33,13,0,0,[],2020-07-02 14:58:44+00:00,2020-07-21 18:42:16+00:00,1655012.0,"19 days, 3:43:32","[{'comment_id': 450350396, 'comment_body': 'we might wonna check if the person who flagged it or if (moderator or admin) can only unflag it, this may complicate the feature..but let me know what you think', 'comment_created': datetime.datetime(2020, 7, 6, 16, 45, 3, tzinfo=datetime.timezone.utc), 'commenter': 'cesswairimu', 'type': 'User'}, {'comment_id': 450350952, 'comment_body': 'maybe for this we could reduce the flags...but if its a moderator/admin we set it to 0...what do you think?', 'comment_created': datetime.datetime(2020, 7, 6, 16, 46, 1, tzinfo=datetime.timezone.utc), 'commenter': 'cesswairimu', 'type': 'User'}, {'comment_id': 451130865, 'comment_body': 'I have added an if statement to check only moderators and admins can unflag item \r\nThanks', 'comment_created': datetime.datetime(2020, 7, 7, 20, 42, 6, tzinfo=datetime.timezone.utc), 'commenter': 'keshavsethi', 'type': 'User'}, {'comment_id': 451132619, 'comment_body': 'But for this, we have to show flag count to users as well. Right now unflag means only moderators can unflag (i.e reduce flag count to 0). Other users can just flag nodes i.e increase its flag count by 1', 'comment_created': datetime.datetime(2020, 7, 7, 20, 45, 27, tzinfo=datetime.timezone.utc), 'commenter': 'keshavsethi', 'type': 'User'}, {'comment_id': 451367263, 'comment_body': 'gotcha, cool, sounds good...thanks for the clarification', 'comment_created': datetime.datetime(2020, 7, 8, 8, 20, 6, tzinfo=datetime.timezone.utc), 'commenter': 'cesswairimu', 'type': 'User'}, {'comment_id': 453761830, 'comment_body': ""Great job writing the tests...lets fix the grammar here 'Any user  should...' or 'Anyone should...'"", 'comment_created': datetime.datetime(2020, 7, 13, 16, 6, 38, tzinfo=datetime.timezone.utc), 'commenter': 'cesswairimu', 'type': 'User'}, {'comment_id': 453762334, 'comment_body': ""Same here  'Any user  should...' or 'Anyone should...'"", 'comment_created': datetime.datetime(2020, 7, 13, 16, 7, 29, tzinfo=datetime.timezone.utc), 'commenter': 'cesswairimu', 'type': 'User'}, {'comment_id': 454014910, 'comment_body': 'Sorrry :sweat_smile:  for that, Done. Thanks!!', 'comment_created': datetime.datetime(2020, 7, 13, 23, 54, 1, tzinfo=datetime.timezone.utc), 'commenter': 'keshavsethi', 'type': 'User'}, {'comment_id': 454014956, 'comment_body': 'Done Thanks!!', 'comment_created': datetime.datetime(2020, 7, 13, 23, 54, 15, tzinfo=datetime.timezone.utc), 'commenter': 'keshavsethi', 'type': 'User'}, {'comment_id': 454488572, 'comment_body': 'These are great -- excellent for underlying functionality!', 'comment_created': datetime.datetime(2020, 7, 14, 16, 34, 39, tzinfo=datetime.timezone.utc), 'commenter': 'jywarren', 'type': 'User'}, {'comment_id': 454489182, 'comment_body': ""This is great too! Do you think it'd be possible to add a couple for regular users flagging posts, and for some other specific review action by moderators? "", 'comment_created': datetime.datetime(2020, 7, 14, 16, 35, 36, tzinfo=datetime.timezone.utc), 'commenter': 'jywarren', 'type': 'User'}, {'comment_id': 454655713, 'comment_body': '@jywarren I have added a system test where user can mark node as a flag. Please review Thanks!!', 'comment_created': datetime.datetime(2020, 7, 14, 21, 27, 28, tzinfo=datetime.timezone.utc), 'commenter': 'keshavsethi', 'type': 'User'}, {'comment_id': 458300234, 'comment_body': 'Awesome. Thanks!', 'comment_created': datetime.datetime(2020, 7, 21, 18, 22, 30, tzinfo=datetime.timezone.utc), 'commenter': 'jywarren', 'type': 'User'}]","[{'commit_sha': '554b31d4aa71b9af3a3edaf92024466aabe9f673', 'committer_username': 'keshavsethi', 'committer_name': 'Keshav Sethi', 'committer_email': None, 'commit_date': datetime.datetime(2018, 2, 1, 5, 22, 13, tzinfo=datetime.timezone.utc)}, {'commit_sha': 'f563b4e8772faca235852e5338f8b60ef2fb35f7', 'committer_username': 'keshavsethi', 'committer_name': 'Keshav Sethi', 'committer_email': None, 'commit_date': datetime.datetime(2018, 2, 1, 5, 22, 13, tzinfo=datetime.timezone.utc)}, {'commit_sha': '2418137c2542d0a34ca8c1d4432c3f4130c4bae9', 'committer_username': 'keshavsethi', 'committer_name': 'Keshav Sethi', 'committer_email': None, 'commit_date': datetime.datetime(2018, 2, 1, 5, 22, 13, tzinfo=datetime.timezone.utc)}, {'commit_sha': '869ddf0e203720dd1712e6ff96bdb385d82b58f6', 'committer_username': 'keshavsethi', 'committer_name': 'Keshav Sethi', 'committer_email': None, 'commit_date': datetime.datetime(2018, 2, 1, 5, 22, 13, tzinfo=datetime.timezone.utc)}, {'commit_sha': '42adb657eb9a17deb6b45898d747be219166f707', 'committer_username': 'keshavsethi', 'committer_name': 'Keshav Sethi', 'committer_email': None, 'commit_date': datetime.datetime(2018, 2, 1, 5, 22, 13, tzinfo=datetime.timezone.utc)}, {'commit_sha': '6c6bd929789900c29aa583fbcd908b5c1b045b23', 'committer_username': 'keshavsethi', 'committer_name': 'Keshav Sethi', 'committer_email': None, 'commit_date': datetime.datetime(2018, 2, 1, 5, 22, 13, tzinfo=datetime.timezone.utc)}, {'commit_sha': '2a8d7fd0cf07d8de09333262e341a095e432bd7b', 'committer_username': 'keshavsethi', 'committer_name': 'Keshav Sethi', 'committer_email': None, 'commit_date': datetime.datetime(2018, 2, 1, 5, 22, 13, tzinfo=datetime.timezone.utc)}, {'commit_sha': '7aab3507dcbedc2a57c20cd9b65bd08f2a76cb5b', 'committer_username': 'keshavsethi', 'committer_name': 'Keshav Sethi', 'committer_email': None, 'commit_date': datetime.datetime(2018, 2, 1, 5, 22, 13, tzinfo=datetime.timezone.utc)}, {'commit_sha': '34331685dfd4d9961e54984a9ca413b4bcff7521', 'committer_username': 'keshavsethi', 'committer_name': 'Keshav Sethi', 'committer_email': None, 'commit_date': datetime.datetime(2018, 2, 1, 5, 22, 13, tzinfo=datetime.timezone.utc)}, {'commit_sha': '37ec53508332ce698d2001989f8a55d60ce51277', 'committer_username': 'keshavsethi', 'committer_name': 'Keshav Sethi', 'committer_email': None, 'commit_date': datetime.datetime(2018, 2, 1, 5, 22, 13, tzinfo=datetime.timezone.utc)}, {'commit_sha': '2ca256b95f32fef8ca9e40570568dcea89e9f911', 'committer_username': 'keshavsethi', 'committer_name': 'Keshav Sethi', 'committer_email': None, 'commit_date': datetime.datetime(2018, 2, 1, 5, 22, 13, tzinfo=datetime.timezone.utc)}, {'commit_sha': '291fb350f55a8d80c3d8ba841fcb0825174bd00d', 'committer_username': 'keshavsethi', 'committer_name': 'Keshav Sethi', 'committer_email': None, 'commit_date': datetime.datetime(2018, 2, 1, 5, 22, 13, tzinfo=datetime.timezone.utc)}, {'commit_sha': 'c80ddbca3e0a8d9f6bdb39d8bd778cdba62f5ad1', 'committer_username': 'keshavsethi', 'committer_name': 'Keshav Sethi', 'committer_email': None, 'commit_date': datetime.datetime(2018, 2, 1, 5, 22, 13, tzinfo=datetime.timezone.utc)}, {'commit_sha': '8eb4c904e5ee9c6f08e18ca9f476c20321a48506', 'committer_username': 'keshavsethi', 'committer_name': 'Keshav Sethi', 'committer_email': None, 'commit_date': datetime.datetime(2018, 2, 1, 5, 22, 13, tzinfo=datetime.timezone.utc)}, {'commit_sha': '95c5eb875d62165f0a69611078aad121f314919a', 'committer_username': 'keshavsethi', 'committer_name': 'Keshav Sethi', 'committer_email': None, 'commit_date': datetime.datetime(2018, 2, 1, 5, 22, 13, tzinfo=datetime.timezone.utc)}, {'commit_sha': 'ab6898136b6914800920c822f877bc07db1b75cf', 'committer_username': 'keshavsethi', 'committer_name': 'Keshav Sethi', 'committer_email': None, 'commit_date': datetime.datetime(2018, 2, 1, 5, 22, 13, tzinfo=datetime.timezone.utc)}, {'commit_sha': '9b26669dd656f9561ee6fcd31f20dd4cbcc010c9', 'committer_username': 'keshavsethi', 'committer_name': 'Keshav Sethi', 'committer_email': None, 'commit_date': datetime.datetime(2018, 2, 1, 5, 22, 13, tzinfo=datetime.timezone.utc)}, {'commit_sha': 'd96123935ccbaffaa0952562201db2e35240e3a1', 'committer_username': 'keshavsethi', 'committer_name': 'Keshav Sethi', 'committer_email': None, 'commit_date': datetime.datetime(2018, 2, 1, 5, 22, 13, tzinfo=datetime.timezone.utc)}, {'commit_sha': 'e4b8c3f3cef8d590040cacd7565cb9994399740e', 'committer_username': 'keshavsethi', 'committer_name': 'Keshav Sethi', 'committer_email': None, 'commit_date': datetime.datetime(2018, 2, 1, 5, 22, 13, tzinfo=datetime.timezone.utc)}, {'commit_sha': 'f3940c277fe864d33fd82a08c9ef2dca986968b2', 'committer_username': 'keshavsethi', 'committer_name': 'Keshav Sethi', 'committer_email': None, 'commit_date': datetime.datetime(2018, 2, 1, 5, 22, 13, tzinfo=datetime.timezone.utc)}, {'commit_sha': 'e5276b52e3024ca5425cbe308076c670a4ed5b42', 'committer_username': 'keshavsethi', 'committer_name': 'Keshav Sethi', 'committer_email': None, 'commit_date': datetime.datetime(2018, 2, 1, 5, 22, 13, tzinfo=datetime.timezone.utc)}, {'commit_sha': '31f212be3e4b15c18a627c52d8688212643e40d4', 'committer_username': 'keshavsethi', 'committer_name': 'Keshav Sethi', 'committer_email': None, 'commit_date': datetime.datetime(2018, 2, 1, 5, 22, 13, tzinfo=datetime.timezone.utc)}, {'commit_sha': '215661358bd095123e925d5d2742f5d2851a1817', 'committer_username': 'keshavsethi', 'committer_name': 'Keshav Sethi', 'committer_email': None, 'commit_date': datetime.datetime(2018, 2, 1, 5, 22, 13, tzinfo=datetime.timezone.utc)}, {'commit_sha': '420c4860e17f80e9e98505d5088db3fd7cfefaf4', 'committer_username': 'keshavsethi', 'committer_name': 'Keshav Sethi', 'committer_email': None, 'commit_date': datetime.datetime(2018, 2, 1, 5, 22, 13, tzinfo=datetime.timezone.utc)}, {'commit_sha': 'e6e88543c030b6d9f3b80250b19c8e8b0f1e0e4d', 'committer_username': 'keshavsethi', 'committer_name': 'Keshav Sethi', 'committer_email': None, 'commit_date': datetime.datetime(2018, 2, 1, 5, 22, 13, tzinfo=datetime.timezone.utc)}, {'commit_sha': '53db7d7d4d0bdc9109e99cffa2d0338a17e48c1b', 'committer_username': 'keshavsethi', 'committer_name': 'Keshav Sethi', 'committer_email': None, 'commit_date': datetime.datetime(2018, 2, 1, 5, 22, 13, tzinfo=datetime.timezone.utc)}, {'commit_sha': '91b98caf00a14ffebe40674654de3b8d5853d9c4', 'committer_username': 'keshavsethi', 'committer_name': 'Keshav Sethi', 'committer_email': None, 'commit_date': datetime.datetime(2018, 2, 1, 5, 22, 13, tzinfo=datetime.timezone.utc)}]",Keshav Sethi,36025262,,User,,44,,8,12
473432387,Spam2 minor bug fixes ,"@jywarren  I found few errors in spam2 (stable). I fixed them here. Please review!!
Thanks!! ",True,8352,https://api.github.com/repos/publiclab/plots2/pulls/8352,https://github.com/publiclab/plots2/pull/8352,closed,27,19,4,2,3,0,0,0,[],2020-08-25 19:55:50+00:00,2020-08-25 20:03:34+00:00,464.0,0:07:44,[],"[{'commit_sha': 'f33d87c54051e750dc477010995546cc59901598', 'committer_username': 'keshavsethi', 'committer_name': 'Keshav Sethi', 'committer_email': None, 'commit_date': datetime.datetime(2018, 2, 1, 5, 22, 13, tzinfo=datetime.timezone.utc)}, {'commit_sha': 'd8636526257bc5d3ed17473bf31c17f202834236', 'committer_username': 'keshavsethi', 'committer_name': 'Keshav Sethi', 'committer_email': None, 'commit_date': datetime.datetime(2018, 2, 1, 5, 22, 13, tzinfo=datetime.timezone.utc)}]",Keshav Sethi,36025262,,User,,44,,8,12
447187763,Spam2: Unmoderated Digest UI update,"I have updated UI of spam2 unmoderated nodes **digest**. I have also **added image of nodes** in the digest.  Please refer to following Screenshots
![ezgif com-crop (4)](https://user-images.githubusercontent.com/36025262/87109678-eca51400-c282-11ea-96f0-6888a8081d6d.gif)
![Screenshot_2020-07-10 Your daily digest for moderation](https://user-images.githubusercontent.com/36025262/87109684-f0389b00-c282-11ea-950c-8e3420fe99b1.png)
![Screenshot from 2020-07-10 07-52-17](https://user-images.githubusercontent.com/36025262/87109744-13fbe100-c283-11ea-8a5f-aa914e320246.png)
![Screenshot from 2020-07-10 07-48-26](https://user-images.githubusercontent.com/36025262/87109752-165e3b00-c283-11ea-9288-b075b34cf848.png)
@jywarren @pydevsg @emilyashley @ebarry @ananyaarun @cesswairimu Please review 
Thanks!
",True,8130,https://api.github.com/repos/publiclab/plots2/pulls/8130,https://github.com/publiclab/plots2/pull/8130,closed,50,49,2,2,3,0,0,0,[],2020-07-10 02:32:01+00:00,2020-07-16 19:31:00+00:00,579539.0,"6 days, 16:58:59",[],"[{'commit_sha': '3ce461961c61279f34da7a11e316ac7d0a8f6012', 'committer_username': 'keshavsethi', 'committer_name': 'Keshav Sethi', 'committer_email': None, 'commit_date': datetime.datetime(2018, 2, 1, 5, 22, 13, tzinfo=datetime.timezone.utc)}, {'commit_sha': '73ca6196b06145460cf02961f70c9819bfa047a8', 'committer_username': 'keshavsethi', 'committer_name': 'Keshav Sethi', 'committer_email': None, 'commit_date': datetime.datetime(2018, 2, 1, 5, 22, 13, tzinfo=datetime.timezone.utc)}]",Keshav Sethi,36025262,,User,,44,,8,12
473432387,Spam2 minor bug fixes ,"@jywarren  I found few errors in spam2 (stable). I fixed them here. Please review!!
Thanks!! ",True,8352,https://api.github.com/repos/publiclab/plots2/pulls/8352,https://github.com/publiclab/plots2/pull/8352,closed,27,19,4,2,3,0,0,0,[],2020-08-25 19:55:50+00:00,2020-08-25 20:03:34+00:00,464.0,0:07:44,[],"[{'commit_sha': 'f33d87c54051e750dc477010995546cc59901598', 'committer_username': 'keshavsethi', 'committer_name': 'Keshav Sethi', 'committer_email': None, 'commit_date': datetime.datetime(2018, 2, 1, 5, 22, 13, tzinfo=datetime.timezone.utc)}, {'commit_sha': 'd8636526257bc5d3ed17473bf31c17f202834236', 'committer_username': 'keshavsethi', 'committer_name': 'Keshav Sethi', 'committer_email': None, 'commit_date': datetime.datetime(2018, 2, 1, 5, 22, 13, tzinfo=datetime.timezone.utc)}]",Keshav Sethi,36025262,,User,,44,,8,12
449024148,set up gitpod builds for every PR,"Here I am just testing gitpod with some changes
Thanks!

fixes #8122 ",True,8145,https://api.github.com/repos/publiclab/plots2/pulls/8145,https://github.com/publiclab/plots2/pull/8145,closed,49,3,6,26,28,10,0,0,[],2020-07-14 17:49:41+00:00,2020-07-16 03:14:04+00:00,120263.0,"1 day, 9:24:23","[{'comment_id': 454605312, 'comment_body': 'ooh! yeah..... good call!', 'comment_created': datetime.datetime(2020, 7, 14, 19, 52, 45, tzinfo=datetime.timezone.utc), 'commenter': 'jywarren', 'type': 'User'}, {'comment_id': 454632875, 'comment_body': '@jywarren I think we can remove this file??', 'comment_created': datetime.datetime(2020, 7, 14, 20, 43, 34, tzinfo=datetime.timezone.utc), 'commenter': 'keshavsethi', 'type': 'User'}, {'comment_id': 454633396, 'comment_body': 'possibly! want to try? ', 'comment_created': datetime.datetime(2020, 7, 14, 20, 44, 31, tzinfo=datetime.timezone.utc), 'commenter': 'jywarren', 'type': 'User'}, {'comment_id': 454661438, 'comment_body': '@jywarren I checked gitpod after removing. Buil did getting failed so added it again.\r\nThanks!!', 'comment_created': datetime.datetime(2020, 7, 14, 21, 39, 23, tzinfo=datetime.timezone.utc), 'commenter': 'keshavsethi', 'type': 'User'}, {'comment_id': 454714549, 'comment_body': 'oh this is not formatted correctly...', 'comment_created': datetime.datetime(2020, 7, 15, 0, 8, 1, tzinfo=datetime.timezone.utc), 'commenter': 'jywarren', 'type': 'User'}, {'comment_id': 454727658, 'comment_body': ""hmm there must be a syntax error in here, but I'm not sure where!"", 'comment_created': datetime.datetime(2020, 7, 15, 0, 56, 16, tzinfo=datetime.timezone.utc), 'commenter': 'jywarren', 'type': 'User'}, {'comment_id': 454728772, 'comment_body': '(Also depending on the mysql version, the syntax may be different, but I believe this one is good for us as I tested it on the console. Ref: https://stackoverflow.com/questions/23921117/disable-only-full-group-by)', 'comment_created': datetime.datetime(2020, 7, 15, 1, 0, 22, tzinfo=datetime.timezone.utc), 'commenter': 'jywarren', 'type': 'User'}, {'comment_id': 454769008, 'comment_body': '@keshavsethi I kind of got stuck here but maybe you can figure out the next step? Or if @icarito has an idea?', 'comment_created': datetime.datetime(2020, 7, 15, 3, 30, 32, tzinfo=datetime.timezone.utc), 'commenter': 'jywarren', 'type': 'User'}, {'comment_id': 455269565, 'comment_body': ""I believe the issue is here, there's a `;` and then `&&`, this is a syntax error."", 'comment_created': datetime.datetime(2020, 7, 15, 18, 50, 55, tzinfo=datetime.timezone.utc), 'commenter': 'icarito', 'type': 'User'}, {'comment_id': 455481895, 'comment_body': 'Hmm, after this fix we still see it:\r\n\r\n```\r\ngitpod /workspace/plots2 $  HISTFILE=/workspace/.gitpod/cmd-0 history -r; {\r\n> bundle install --without production && cp config/database.yml.gitpod config/database.yml && mysql -e ""SET @@global.sql_mode=(SELECT REPLACE(@@global.sql_mode, \'ONLY_FULL_GROUP_BY\', \'\'));"" && mysql -e ""CREATE DATABASE plots;""; && cp db/schema.rb.example db/schema.rb && rake db:setup && yarn install\r\nbash: syntax error near unexpected token `&&\'\r\ngitpod /workspace/plots2 $ \r\ngitpod /workspace/plots2 $ } && {\r\nbash: syntax error near unexpected token `}\'\r\ngitpod /workspace/plots2 $ passenger start\r\nbash: passenger: command not found\r\ngitpod /workspace/plots2 $ \r\ngitpod /workspace/plots2 $ }\r\nbash: syntax error near unexpected\r\n```\r\n\r\nBut, actually there\'s a `;` on the next line too, so I\'ll try removing that. ', 'comment_created': datetime.datetime(2020, 7, 16, 3, 4, 57, tzinfo=datetime.timezone.utc), 'commenter': 'jywarren', 'type': 'User'}]","[{'commit_sha': '9b9057c34f54f6b547d6e4e23c9b1467fe4dc02a', 'committer_username': 'keshavsethi', 'committer_name': 'Keshav Sethi', 'committer_email': None, 'commit_date': datetime.datetime(2018, 2, 1, 5, 22, 13, tzinfo=datetime.timezone.utc)}, {'commit_sha': '12d04b8511cba1ab03313df0238e58e99773e2a8', 'committer_username': 'keshavsethi', 'committer_name': 'Keshav Sethi', 'committer_email': None, 'commit_date': datetime.datetime(2018, 2, 1, 5, 22, 13, tzinfo=datetime.timezone.utc)}, {'commit_sha': '09cd6685751accb3087b0df63a8b733409f15e45', 'committer_username': 'keshavsethi', 'committer_name': 'Keshav Sethi', 'committer_email': None, 'commit_date': datetime.datetime(2018, 2, 1, 5, 22, 13, tzinfo=datetime.timezone.utc)}, {'commit_sha': '83431a7fdeff68a5a0119cc9652356255c66cb8a', 'committer_username': 'keshavsethi', 'committer_name': 'Keshav Sethi', 'committer_email': None, 'commit_date': datetime.datetime(2018, 2, 1, 5, 22, 13, tzinfo=datetime.timezone.utc)}, {'commit_sha': 'df75e7feda9cf19e31bcd537e45833821fad527f', 'committer_username': 'keshavsethi', 'committer_name': 'Keshav Sethi', 'committer_email': None, 'commit_date': datetime.datetime(2018, 2, 1, 5, 22, 13, tzinfo=datetime.timezone.utc)}, {'commit_sha': '47bd47c6463e7f563777d0cc7e73f7b075ac03b5', 'committer_username': 'keshavsethi', 'committer_name': 'Keshav Sethi', 'committer_email': None, 'commit_date': datetime.datetime(2018, 2, 1, 5, 22, 13, tzinfo=datetime.timezone.utc)}, {'commit_sha': 'd024a5140fde787010eed5004ffd15c61275d240', 'committer_username': 'keshavsethi', 'committer_name': 'Keshav Sethi', 'committer_email': None, 'commit_date': datetime.datetime(2018, 2, 1, 5, 22, 13, tzinfo=datetime.timezone.utc)}, {'commit_sha': 'd12fdeb2fead1624f8d0817202ad60667af97f2d', 'committer_username': 'keshavsethi', 'committer_name': 'Keshav Sethi', 'committer_email': None, 'commit_date': datetime.datetime(2018, 2, 1, 5, 22, 13, tzinfo=datetime.timezone.utc)}, {'commit_sha': '25bf01c5434766c5393a70b9886d86b8ac8a4dfd', 'committer_username': 'keshavsethi', 'committer_name': 'Keshav Sethi', 'committer_email': None, 'commit_date': datetime.datetime(2018, 2, 1, 5, 22, 13, tzinfo=datetime.timezone.utc)}, {'commit_sha': 'a8bbdccff1e21579f43248fee5c24b3bd7f14475', 'committer_username': 'keshavsethi', 'committer_name': 'Keshav Sethi', 'committer_email': None, 'commit_date': datetime.datetime(2018, 2, 1, 5, 22, 13, tzinfo=datetime.timezone.utc)}, {'commit_sha': 'bf3195d1e0ad1c642fa006ee81f9e33d11c7f692', 'committer_username': 'keshavsethi', 'committer_name': 'Keshav Sethi', 'committer_email': None, 'commit_date': datetime.datetime(2018, 2, 1, 5, 22, 13, tzinfo=datetime.timezone.utc)}, {'commit_sha': 'bc65f71b82679ae001ac5b7a896a8dd2d4392b46', 'committer_username': 'keshavsethi', 'committer_name': 'Keshav Sethi', 'committer_email': None, 'commit_date': datetime.datetime(2018, 2, 1, 5, 22, 13, tzinfo=datetime.timezone.utc)}, {'commit_sha': 'a44a0249c6ef39298ff1fadbe73295519b2a7e5e', 'committer_username': 'jywarren', 'committer_name': 'Jeffrey Warren', 'committer_email': 'jeff@unterbahn.com', 'commit_date': datetime.datetime(2008, 9, 12, 19, 35, 6, tzinfo=datetime.timezone.utc)}, {'commit_sha': 'e3b4beedae414dcfab086e1f7852c14553cde4e4', 'committer_username': 'jywarren', 'committer_name': 'Jeffrey Warren', 'committer_email': 'jeff@unterbahn.com', 'commit_date': datetime.datetime(2008, 9, 12, 19, 35, 6, tzinfo=datetime.timezone.utc)}, {'commit_sha': '7f4482eca389691efea36b0ed77ba0bf9233438b', 'committer_username': 'keshavsethi', 'committer_name': 'Keshav Sethi', 'committer_email': None, 'commit_date': datetime.datetime(2018, 2, 1, 5, 22, 13, tzinfo=datetime.timezone.utc)}, {'commit_sha': '7b61bf892a095ea2d65f89f136925039cd74b203', 'committer_username': 'keshavsethi', 'committer_name': 'Keshav Sethi', 'committer_email': None, 'commit_date': datetime.datetime(2018, 2, 1, 5, 22, 13, tzinfo=datetime.timezone.utc)}, {'commit_sha': '88007f85cad1528246aceea631094f8d5908b169', 'committer_username': 'keshavsethi', 'committer_name': 'Keshav Sethi', 'committer_email': None, 'commit_date': datetime.datetime(2018, 2, 1, 5, 22, 13, tzinfo=datetime.timezone.utc)}, {'commit_sha': '238d205b0f798dce871ed88b69465c6fe3603fe8', 'committer_username': 'keshavsethi', 'committer_name': 'Keshav Sethi', 'committer_email': None, 'commit_date': datetime.datetime(2018, 2, 1, 5, 22, 13, tzinfo=datetime.timezone.utc)}, {'commit_sha': '2af9cd696d9972a7f0adc7ccc02c61868f84d2a4', 'committer_username': 'jywarren', 'committer_name': 'Jeffrey Warren', 'committer_email': 'jeff@unterbahn.com', 'commit_date': datetime.datetime(2008, 9, 12, 19, 35, 6, tzinfo=datetime.timezone.utc)}, {'commit_sha': 'df21ef442ddef92b0cd3bfc63943f82630d8cf4b', 'committer_username': 'jywarren', 'committer_name': 'Jeffrey Warren', 'committer_email': 'jeff@unterbahn.com', 'commit_date': datetime.datetime(2008, 9, 12, 19, 35, 6, tzinfo=datetime.timezone.utc)}, {'commit_sha': '31b35ac6b9d7b405981a7f5914f6ec943d3f892f', 'committer_username': 'jywarren', 'committer_name': 'Jeffrey Warren', 'committer_email': 'jeff@unterbahn.com', 'commit_date': datetime.datetime(2008, 9, 12, 19, 35, 6, tzinfo=datetime.timezone.utc)}, {'commit_sha': 'a330fe5a81ace433f82d9ad186c3d420098c4e29', 'committer_username': 'jywarren', 'committer_name': 'Jeffrey Warren', 'committer_email': 'jeff@unterbahn.com', 'commit_date': datetime.datetime(2008, 9, 12, 19, 35, 6, tzinfo=datetime.timezone.utc)}, {'commit_sha': 'f84ac7fd62b9a195383ed2103fff756177535747', 'committer_username': 'jywarren', 'committer_name': 'Jeffrey Warren', 'committer_email': 'jeff@unterbahn.com', 'commit_date': datetime.datetime(2008, 9, 12, 19, 35, 6, tzinfo=datetime.timezone.utc)}, {'commit_sha': '2cad008e41b60c0717e16fb120389e8a0ca1e5f0', 'committer_username': 'jywarren', 'committer_name': 'Jeffrey Warren', 'committer_email': 'jeff@unterbahn.com', 'commit_date': datetime.datetime(2008, 9, 12, 19, 35, 6, tzinfo=datetime.timezone.utc)}, {'commit_sha': 'e12aa1ca37203612dacb0023f62a5a12c30cb79e', 'committer_username': 'icarito', 'committer_name': 'Sebastian Silva', 'committer_email': None, 'commit_date': datetime.datetime(2010, 2, 8, 19, 5, 6, tzinfo=datetime.timezone.utc)}, {'commit_sha': '3f999b710e750b400526ca591f7ae73308275866', 'committer_username': 'jywarren', 'committer_name': 'Jeffrey Warren', 'committer_email': 'jeff@unterbahn.com', 'commit_date': datetime.datetime(2008, 9, 12, 19, 35, 6, tzinfo=datetime.timezone.utc)}]",Keshav Sethi,36025262,,User,,44,,8,12
473432387,Spam2 minor bug fixes ,"@jywarren  I found few errors in spam2 (stable). I fixed them here. Please review!!
Thanks!! ",True,8352,https://api.github.com/repos/publiclab/plots2/pulls/8352,https://github.com/publiclab/plots2/pull/8352,closed,27,19,4,2,3,0,0,0,[],2020-08-25 19:55:50+00:00,2020-08-25 20:03:34+00:00,464.0,0:07:44,[],"[{'commit_sha': 'f33d87c54051e750dc477010995546cc59901598', 'committer_username': 'keshavsethi', 'committer_name': 'Keshav Sethi', 'committer_email': None, 'commit_date': datetime.datetime(2018, 2, 1, 5, 22, 13, tzinfo=datetime.timezone.utc)}, {'commit_sha': 'd8636526257bc5d3ed17473bf31c17f202834236', 'committer_username': 'keshavsethi', 'committer_name': 'Keshav Sethi', 'committer_email': None, 'commit_date': datetime.datetime(2018, 2, 1, 5, 22, 13, tzinfo=datetime.timezone.utc)}]",Keshav Sethi,36025262,,User,,44,,8,12
451538941,Try reducing Gitpod errors by adding redis,"I have changed the **development configuration** in _config/database.yml.gitpod_ Now it is working fine.
I have also **added the Redis server** for better UI testing.
![Screenshot from 2020-07-18 04-25-34](https://user-images.githubusercontent.com/36025262/87837484-47f18a80-c8b1-11ea-8cc2-801dd0753b34.png)
![Screenshot from 2020-07-18 04-26-31](https://user-images.githubusercontent.com/36025262/87837485-4aec7b00-c8b1-11ea-8a74-2db1ab46ede3.png)

@jywarren @cesswairimu @icarito Please review. Thanks!!",True,8162,https://api.github.com/repos/publiclab/plots2/pulls/8162,https://github.com/publiclab/plots2/pull/8162,closed,11,5,2,5,9,6,0,0,[],2020-07-17 23:15:39+00:00,2020-08-18 15:46:43+00:00,2737864.0,"31 days, 16:31:04","[{'comment_id': 457383580, 'comment_body': ""We usually don't need `sudo` for the Dockerfile cmds :thinking: "", 'comment_created': datetime.datetime(2020, 7, 20, 13, 29, 28, tzinfo=datetime.timezone.utc), 'commenter': 'alaxalves', 'type': 'User'}, {'comment_id': 457385491, 'comment_body': 'Maybe instead of creating a new `command` task you can just include the `redis-server` below the `passenger-start` since the `>` supports multiline bash.', 'comment_created': datetime.datetime(2020, 7, 20, 13, 31, 38, tzinfo=datetime.timezone.utc), 'commenter': 'alaxalves', 'type': 'User'}, {'comment_id': 457386088, 'comment_body': ""Changing database might be dangerous :thinking:  I'll  wait for the other guys review"", 'comment_created': datetime.datetime(2020, 7, 20, 13, 32, 20, tzinfo=datetime.timezone.utc), 'commenter': 'alaxalves', 'type': 'User'}, {'comment_id': 457503040, 'comment_body': '@alaxalves since this is only specific to gitpod and we just started using it...what issues do you anticipate we will encounter? I know we have folks who use sqlite3 for development and the only drawback is that some tests fail locally. But you are more equipped  in the devops stuff and I would love to hear your thoughts thanks :smiley: ', 'comment_created': datetime.datetime(2020, 7, 20, 15, 37, 43, tzinfo=datetime.timezone.utc), 'commenter': 'cesswairimu', 'type': 'User'}, {'comment_id': 458213423, 'comment_body': ""Actually I don't know this, I found this in gitpod docs."", 'comment_created': datetime.datetime(2020, 7, 21, 16, 4, 5, tzinfo=datetime.timezone.utc), 'commenter': 'keshavsethi', 'type': 'User'}, {'comment_id': 458251561, 'comment_body': 'Basically here, we started with an sqlite3 db, but our app is complex enough that i got locked database errors pretty often upon initial startup. So I thought perhaps we ought to try to reproduce our entire production environment in the dev environment. This may also be important because we use some MySQL features such as full-text search!', 'comment_created': datetime.datetime(2020, 7, 21, 17, 2, 6, tzinfo=datetime.timezone.utc), 'commenter': 'jywarren', 'type': 'User'}]","[{'commit_sha': 'ad6834dfd45b3e22b79e77188619cc2ef377d15e', 'committer_username': 'keshavsethi', 'committer_name': 'Keshav Sethi', 'committer_email': None, 'commit_date': datetime.datetime(2018, 2, 1, 5, 22, 13, tzinfo=datetime.timezone.utc)}, {'commit_sha': 'ea78af5e98963f1744674affaa0c7c387a8d5c8b', 'committer_username': 'keshavsethi', 'committer_name': 'Keshav Sethi', 'committer_email': None, 'commit_date': datetime.datetime(2018, 2, 1, 5, 22, 13, tzinfo=datetime.timezone.utc)}, {'commit_sha': '84ebdd9fbab5a2642e4cf251cb1ba962ea8a7641', 'committer_username': 'keshavsethi', 'committer_name': 'Keshav Sethi', 'committer_email': None, 'commit_date': datetime.datetime(2018, 2, 1, 5, 22, 13, tzinfo=datetime.timezone.utc)}, {'commit_sha': 'b125c5b0adb689dbd214e31e38321995ddd68bdf', 'committer_username': 'keshavsethi', 'committer_name': 'Keshav Sethi', 'committer_email': None, 'commit_date': datetime.datetime(2018, 2, 1, 5, 22, 13, tzinfo=datetime.timezone.utc)}, {'commit_sha': '269c4802b8d6dd9f5602520194f40a7108209d49', 'committer_username': 'keshavsethi', 'committer_name': 'Keshav Sethi', 'committer_email': None, 'commit_date': datetime.datetime(2018, 2, 1, 5, 22, 13, tzinfo=datetime.timezone.utc)}]",Keshav Sethi,36025262,,User,,44,,8,12
473432387,Spam2 minor bug fixes ,"@jywarren  I found few errors in spam2 (stable). I fixed them here. Please review!!
Thanks!! ",True,8352,https://api.github.com/repos/publiclab/plots2/pulls/8352,https://github.com/publiclab/plots2/pull/8352,closed,27,19,4,2,3,0,0,0,[],2020-08-25 19:55:50+00:00,2020-08-25 20:03:34+00:00,464.0,0:07:44,[],"[{'commit_sha': 'f33d87c54051e750dc477010995546cc59901598', 'committer_username': 'keshavsethi', 'committer_name': 'Keshav Sethi', 'committer_email': None, 'commit_date': datetime.datetime(2018, 2, 1, 5, 22, 13, tzinfo=datetime.timezone.utc)}, {'commit_sha': 'd8636526257bc5d3ed17473bf31c17f202834236', 'committer_username': 'keshavsethi', 'committer_name': 'Keshav Sethi', 'committer_email': None, 'commit_date': datetime.datetime(2018, 2, 1, 5, 22, 13, tzinfo=datetime.timezone.utc)}]",Keshav Sethi,36025262,,User,,44,,8,12
457517128,Spam2: Moderator's Queue  feature,"Here, moderators and admin can moderate only those Nodes which has a tag that moderator/admin is following. As in the following screenshot, we can see that ""one"" tag is being followed by admin. so admin can moderate only those nodes which has ""one as  ""tag"". I have mentioned more details in my [proposal](https://publiclab.org/notes/keshav_sethi0004/03-12-2020/gsoc-2020-proposal-spam-management-dashboard#4.+The+Queue:). 
![Screenshot from 2020-08-05 05-38-54](https://user-images.githubusercontent.com/36025262/89357515-5e377d00-d6de-11ea-907f-ecd2cc623e3c.png)
Please try this out on gitpod
@jywarren @cesswairimu @pydevsg @VladimirMikulic @Uzay-G @ananyaarun @ebarry @emilyashley Please review!!
Thanks!
",True,8196,https://api.github.com/repos/publiclab/plots2/pulls/8196,https://github.com/publiclab/plots2/pull/8196,closed,586,382,14,12,15,5,0,0,[],2020-07-28 03:28:58+00:00,2020-08-05 08:01:02+00:00,707524.0,"8 days, 4:32:04","[{'comment_id': 461383639, 'comment_body': 'Could you please indent properly this whole script? Thanks.', 'comment_created': datetime.datetime(2020, 7, 28, 7, 45, 20, tzinfo=datetime.timezone.utc), 'commenter': 'VladimirMikulic', 'type': 'User'}, {'comment_id': 461811806, 'comment_body': 'good catch! Thanks!', 'comment_created': datetime.datetime(2020, 7, 28, 19, 14, 21, tzinfo=datetime.timezone.utc), 'commenter': 'jywarren', 'type': 'User'}, {'comment_id': 461812296, 'comment_body': 'Does this make more sense in a controller, maybe? Or, could you explain your reasoning in a comment in the code? Thanks!', 'comment_created': datetime.datetime(2020, 7, 28, 19, 15, 10, tzinfo=datetime.timezone.utc), 'commenter': 'jywarren', 'type': 'User'}, {'comment_id': 464787663, 'comment_body': 'Done, Thanks!!', 'comment_created': datetime.datetime(2020, 8, 4, 4, 11, 9, tzinfo=datetime.timezone.utc), 'commenter': 'keshavsethi', 'type': 'User'}, {'comment_id': 464787842, 'comment_body': '@jywarren, I have added this in the controller. Thanks!!', 'comment_created': datetime.datetime(2020, 8, 4, 4, 11, 51, tzinfo=datetime.timezone.utc), 'commenter': 'keshavsethi', 'type': 'User'}]","[{'commit_sha': 'e9ebc325e1f3ac6296a25758f35e29fb44eee4d6', 'committer_username': 'keshavsethi', 'committer_name': 'Keshav Sethi', 'committer_email': None, 'commit_date': datetime.datetime(2018, 2, 1, 5, 22, 13, tzinfo=datetime.timezone.utc)}, {'commit_sha': '8658acd35159384b5996099aa813d64f4f713b9a', 'committer_username': 'keshavsethi', 'committer_name': 'Keshav Sethi', 'committer_email': None, 'commit_date': datetime.datetime(2018, 2, 1, 5, 22, 13, tzinfo=datetime.timezone.utc)}, {'commit_sha': '54d655f8d998907520acd444728a9f168bcca8c8', 'committer_username': 'keshavsethi', 'committer_name': 'Keshav Sethi', 'committer_email': None, 'commit_date': datetime.datetime(2018, 2, 1, 5, 22, 13, tzinfo=datetime.timezone.utc)}, {'commit_sha': '4fbcc64bca2041e46f1f9d65805fe03dda53e548', 'committer_username': 'keshavsethi', 'committer_name': 'Keshav Sethi', 'committer_email': None, 'commit_date': datetime.datetime(2018, 2, 1, 5, 22, 13, tzinfo=datetime.timezone.utc)}, {'commit_sha': 'b8af82c5bdf9acf516770ea04e1b5c1ef2f6a4be', 'committer_username': 'keshavsethi', 'committer_name': 'Keshav Sethi', 'committer_email': None, 'commit_date': datetime.datetime(2018, 2, 1, 5, 22, 13, tzinfo=datetime.timezone.utc)}, {'commit_sha': '0cb12901ba9be34775bde89ddf7c0778f08b01ed', 'committer_username': 'keshavsethi', 'committer_name': 'Keshav Sethi', 'committer_email': None, 'commit_date': datetime.datetime(2018, 2, 1, 5, 22, 13, tzinfo=datetime.timezone.utc)}, {'commit_sha': 'ff04991966f67ac929c5abfa81ed8f7331ddfbe7', 'committer_username': 'keshavsethi', 'committer_name': 'Keshav Sethi', 'committer_email': None, 'commit_date': datetime.datetime(2018, 2, 1, 5, 22, 13, tzinfo=datetime.timezone.utc)}, {'commit_sha': '88100c861d2ed61893e102474a496cf27eda4d42', 'committer_username': 'keshavsethi', 'committer_name': 'Keshav Sethi', 'committer_email': None, 'commit_date': datetime.datetime(2018, 2, 1, 5, 22, 13, tzinfo=datetime.timezone.utc)}, {'commit_sha': 'e1431be5a911319cb6525e75a349a01b5f3d4dee', 'committer_username': 'keshavsethi', 'committer_name': 'Keshav Sethi', 'committer_email': None, 'commit_date': datetime.datetime(2018, 2, 1, 5, 22, 13, tzinfo=datetime.timezone.utc)}, {'commit_sha': '9faff818acceaca974f33a41edc04322117df84a', 'committer_username': 'keshavsethi', 'committer_name': 'Keshav Sethi', 'committer_email': None, 'commit_date': datetime.datetime(2018, 2, 1, 5, 22, 13, tzinfo=datetime.timezone.utc)}, {'commit_sha': '75f4673b0c160df650f5b7295f2ae5b23dd902e4', 'committer_username': 'keshavsethi', 'committer_name': 'Keshav Sethi', 'committer_email': None, 'commit_date': datetime.datetime(2018, 2, 1, 5, 22, 13, tzinfo=datetime.timezone.utc)}, {'commit_sha': '3403d8d429ae3ce85f5545cc8e1559e29469ef32', 'committer_username': 'keshavsethi', 'committer_name': 'Keshav Sethi', 'committer_email': None, 'commit_date': datetime.datetime(2018, 2, 1, 5, 22, 13, tzinfo=datetime.timezone.utc)}]",Keshav Sethi,36025262,,User,,44,,8,12
473432387,Spam2 minor bug fixes ,"@jywarren  I found few errors in spam2 (stable). I fixed them here. Please review!!
Thanks!! ",True,8352,https://api.github.com/repos/publiclab/plots2/pulls/8352,https://github.com/publiclab/plots2/pull/8352,closed,27,19,4,2,3,0,0,0,[],2020-08-25 19:55:50+00:00,2020-08-25 20:03:34+00:00,464.0,0:07:44,[],"[{'commit_sha': 'f33d87c54051e750dc477010995546cc59901598', 'committer_username': 'keshavsethi', 'committer_name': 'Keshav Sethi', 'committer_email': None, 'commit_date': datetime.datetime(2018, 2, 1, 5, 22, 13, tzinfo=datetime.timezone.utc)}, {'commit_sha': 'd8636526257bc5d3ed17473bf31c17f202834236', 'committer_username': 'keshavsethi', 'committer_name': 'Keshav Sethi', 'committer_email': None, 'commit_date': datetime.datetime(2018, 2, 1, 5, 22, 13, tzinfo=datetime.timezone.utc)}]",Keshav Sethi,36025262,,User,,44,,8,12
459751468,Dashboard SQL Exception,"Fixes #8202

An error was coming in the dashboard
![image](https://user-images.githubusercontent.com/36025262/88997068-6a9d8d80-d30c-11ea-80bf-ad21a1990ffa.png)
![image](https://user-images.githubusercontent.com/36025262/88997075-6ec9ab00-d30c-11ea-95e4-06fff3fd2a9c.png)

Thanks!
",True,8203,https://api.github.com/repos/publiclab/plots2/pulls/8203,https://github.com/publiclab/plots2/pull/8203,closed,1,1,1,1,4,0,0,0,[],2020-07-31 03:32:02+00:00,2020-07-31 15:45:22+00:00,44000.0,12:13:20,[],"[{'commit_sha': '7a2a8122edcb825cbad98f812b397032d65a6f5d', 'committer_username': 'keshavsethi', 'committer_name': 'Keshav Sethi', 'committer_email': None, 'commit_date': datetime.datetime(2018, 2, 1, 5, 22, 13, tzinfo=datetime.timezone.utc)}]",Keshav Sethi,36025262,,User,,44,,8,12
473432387,Spam2 minor bug fixes ,"@jywarren  I found few errors in spam2 (stable). I fixed them here. Please review!!
Thanks!! ",True,8352,https://api.github.com/repos/publiclab/plots2/pulls/8352,https://github.com/publiclab/plots2/pull/8352,closed,27,19,4,2,3,0,0,0,[],2020-08-25 19:55:50+00:00,2020-08-25 20:03:34+00:00,464.0,0:07:44,[],"[{'commit_sha': 'f33d87c54051e750dc477010995546cc59901598', 'committer_username': 'keshavsethi', 'committer_name': 'Keshav Sethi', 'committer_email': None, 'commit_date': datetime.datetime(2018, 2, 1, 5, 22, 13, tzinfo=datetime.timezone.utc)}, {'commit_sha': 'd8636526257bc5d3ed17473bf31c17f202834236', 'committer_username': 'keshavsethi', 'committer_name': 'Keshav Sethi', 'committer_email': None, 'commit_date': datetime.datetime(2018, 2, 1, 5, 22, 13, tzinfo=datetime.timezone.utc)}]",Keshav Sethi,36025262,,User,,44,,8,12
466362489,Insight Section for Spam2,"[WIP] 
Here I worked on the Insight section of Spam2 which contains stats related to the moderation and tags followed bt moderators and admins. Please refer to the following Screenshots:
![Screenshot from 2020-08-12 02-38-15](https://user-images.githubusercontent.com/36025262/89950197-bd4d4280-dc46-11ea-9dd9-62cce2fae95c.png)

![Screenshot from 2020-08-12 02-39-49](https://user-images.githubusercontent.com/36025262/89950146-a3abfb00-dc46-11ea-97dc-913d7665cd14.png)
![Screenshot from 2020-08-12 02-39-52](https://user-images.githubusercontent.com/36025262/89950151-a6a6eb80-dc46-11ea-8a2a-d5f719326dc8.png)

@jywarren @ebarry @VladimirMikulic @pydevsg @emilyashley @ananyaarun @cesswairimu Please review!!
Thanks! :heart:
",True,8289,https://api.github.com/repos/publiclab/plots2/pulls/8289,https://github.com/publiclab/plots2/pull/8289,closed,532,123,19,7,13,4,0,0,[],2020-08-11 21:22:45+00:00,2020-08-25 17:58:19+00:00,1197334.0,"13 days, 20:35:34","[{'comment_id': 469164491, 'comment_body': 'This seems the right usage of `count` but since we are replacing it with `.size` throughout the app so maybe can do it here to achieve consistency :sweat_smile: just a suggestion ', 'comment_created': datetime.datetime(2020, 8, 12, 10, 33, 40, tzinfo=datetime.timezone.utc), 'commenter': 'Tlazypanda', 'type': 'User'}, {'comment_id': 469166224, 'comment_body': 'Maybe use `.exists?` instead of .`present?` reference https://semaphoreci.com/blog/2017/03/14/faster-rails-how-to-check-if-a-record-exists.html also sidenote: @cesswairimu @jywarren should we do a refactoring for this in the app too? ', 'comment_created': datetime.datetime(2020, 8, 12, 10, 37, 17, tzinfo=datetime.timezone.utc), 'commenter': 'Tlazypanda', 'type': 'User'}, {'comment_id': 471053035, 'comment_body': 'Thanks @Tlazypanda, I will do this!! :+1: ', 'comment_created': datetime.datetime(2020, 8, 16, 1, 49, 4, tzinfo=datetime.timezone.utc), 'commenter': 'keshavsethi', 'type': 'User'}, {'comment_id': 476636481, 'comment_body': 'This is great. Thank you!!!!', 'comment_created': datetime.datetime(2020, 8, 25, 17, 57, 58, tzinfo=datetime.timezone.utc), 'commenter': 'jywarren', 'type': 'User'}]","[{'commit_sha': 'f9abde82e5578f8e386a5a43bc33ea8bc13a3d8e', 'committer_username': 'keshavsethi', 'committer_name': 'Keshav Sethi', 'committer_email': None, 'commit_date': datetime.datetime(2018, 2, 1, 5, 22, 13, tzinfo=datetime.timezone.utc)}, {'commit_sha': '6d620b3e723b6e126e16fefbe502247981d0c840', 'committer_username': 'keshavsethi', 'committer_name': 'Keshav Sethi', 'committer_email': None, 'commit_date': datetime.datetime(2018, 2, 1, 5, 22, 13, tzinfo=datetime.timezone.utc)}, {'commit_sha': 'a5ee023833b960f1f55f164988086f0b671ce8c7', 'committer_username': 'keshavsethi', 'committer_name': 'Keshav Sethi', 'committer_email': None, 'commit_date': datetime.datetime(2018, 2, 1, 5, 22, 13, tzinfo=datetime.timezone.utc)}, {'commit_sha': 'e2eda9e5a7d6c217125ad76dc63bbc08e52b4995', 'committer_username': 'keshavsethi', 'committer_name': 'Keshav Sethi', 'committer_email': None, 'commit_date': datetime.datetime(2018, 2, 1, 5, 22, 13, tzinfo=datetime.timezone.utc)}, {'commit_sha': '8138fb3eec80fe57ce22cce8769ba7f3dc3d331a', 'committer_username': 'keshavsethi', 'committer_name': 'Keshav Sethi', 'committer_email': None, 'commit_date': datetime.datetime(2018, 2, 1, 5, 22, 13, tzinfo=datetime.timezone.utc)}, {'commit_sha': 'b2e67fd1dd5f8dbbdf2a272dd6ccf477176f559b', 'committer_username': 'keshavsethi', 'committer_name': 'Keshav Sethi', 'committer_email': None, 'commit_date': datetime.datetime(2018, 2, 1, 5, 22, 13, tzinfo=datetime.timezone.utc)}, {'commit_sha': 'd91665d7d57bf4cc17a073b4940bb748023f892b', 'committer_username': 'keshavsethi', 'committer_name': 'Keshav Sethi', 'committer_email': None, 'commit_date': datetime.datetime(2018, 2, 1, 5, 22, 13, tzinfo=datetime.timezone.utc)}]",Keshav Sethi,36025262,,User,,44,,8,12
473432387,Spam2 minor bug fixes ,"@jywarren  I found few errors in spam2 (stable). I fixed them here. Please review!!
Thanks!! ",True,8352,https://api.github.com/repos/publiclab/plots2/pulls/8352,https://github.com/publiclab/plots2/pull/8352,closed,27,19,4,2,3,0,0,0,[],2020-08-25 19:55:50+00:00,2020-08-25 20:03:34+00:00,464.0,0:07:44,[],"[{'commit_sha': 'f33d87c54051e750dc477010995546cc59901598', 'committer_username': 'keshavsethi', 'committer_name': 'Keshav Sethi', 'committer_email': None, 'commit_date': datetime.datetime(2018, 2, 1, 5, 22, 13, tzinfo=datetime.timezone.utc)}, {'commit_sha': 'd8636526257bc5d3ed17473bf31c17f202834236', 'committer_username': 'keshavsethi', 'committer_name': 'Keshav Sethi', 'committer_email': None, 'commit_date': datetime.datetime(2018, 2, 1, 5, 22, 13, tzinfo=datetime.timezone.utc)}]",Keshav Sethi,36025262,,User,,44,,8,12
473432387,Spam2 minor bug fixes ,"@jywarren  I found few errors in spam2 (stable). I fixed them here. Please review!!
Thanks!! ",True,8352,https://api.github.com/repos/publiclab/plots2/pulls/8352,https://github.com/publiclab/plots2/pull/8352,closed,27,19,4,2,3,0,0,0,[],2020-08-25 19:55:50+00:00,2020-08-25 20:03:34+00:00,464.0,0:07:44,[],"[{'commit_sha': 'f33d87c54051e750dc477010995546cc59901598', 'committer_username': 'keshavsethi', 'committer_name': 'Keshav Sethi', 'committer_email': None, 'commit_date': datetime.datetime(2018, 2, 1, 5, 22, 13, tzinfo=datetime.timezone.utc)}, {'commit_sha': 'd8636526257bc5d3ed17473bf31c17f202834236', 'committer_username': 'keshavsethi', 'committer_name': 'Keshav Sethi', 'committer_email': None, 'commit_date': datetime.datetime(2018, 2, 1, 5, 22, 13, tzinfo=datetime.timezone.utc)}]",Keshav Sethi,36025262,,User,,44,,8,12

Project_ID,Name,Full_name,Language,Forks,Stars,Watchers,contributors,commits,issues,branches,PRs_count,contributor pullrequests
10504669,plots2,publiclab/plots2,Ruby,1831,956,67,1198,6750,551,474,46,"[{'id': 473432387, 'number': 8352, 'closed': datetime.datetime(2020, 8, 25, 20, 3, 34, tzinfo=datetime.timezone.utc), 'created': datetime.datetime(2020, 8, 25, 19, 55, 50, tzinfo=datetime.timezone.utc), 'time_taken': 464.0, 'time_delta': '0:07:44', 'additions': 27, 'deletions': 19, 'state': 'closed'}, {'id': 466362489, 'number': 8289, 'closed': datetime.datetime(2020, 8, 25, 17, 58, 19, tzinfo=datetime.timezone.utc), 'created': datetime.datetime(2020, 8, 11, 21, 22, 45, tzinfo=datetime.timezone.utc), 'time_taken': 1197334.0, 'time_delta': '13 days, 20:35:34', 'additions': 532, 'deletions': 123, 'state': 'closed'}, {'id': 459751468, 'number': 8203, 'closed': datetime.datetime(2020, 7, 31, 15, 45, 22, tzinfo=datetime.timezone.utc), 'created': datetime.datetime(2020, 7, 31, 3, 32, 2, tzinfo=datetime.timezone.utc), 'time_taken': 44000.0, 'time_delta': '12:13:20', 'additions': 1, 'deletions': 1, 'state': 'closed'}, {'id': 457517128, 'number': 8196, 'closed': datetime.datetime(2020, 8, 5, 8, 1, 2, tzinfo=datetime.timezone.utc), 'created': datetime.datetime(2020, 7, 28, 3, 28, 58, tzinfo=datetime.timezone.utc), 'time_taken': 707524.0, 'time_delta': '8 days, 4:32:04', 'additions': 586, 'deletions': 382, 'state': 'closed'}, {'id': 456293265, 'number': 8186, 'closed': datetime.datetime(2020, 7, 31, 3, 25, 12, tzinfo=datetime.timezone.utc), 'created': datetime.datetime(2020, 7, 24, 13, 39, 46, tzinfo=datetime.timezone.utc), 'time_taken': 567926.0, 'time_delta': '6 days, 13:45:26', 'additions': 6, 'deletions': 2, 'state': 'closed'}, {'id': 451538941, 'number': 8162, 'closed': datetime.datetime(2020, 8, 18, 15, 46, 43, tzinfo=datetime.timezone.utc), 'created': datetime.datetime(2020, 7, 17, 23, 15, 39, tzinfo=datetime.timezone.utc), 'time_taken': 2737864.0, 'time_delta': '31 days, 16:31:04', 'additions': 11, 'deletions': 5, 'state': 'closed'}, {'id': 449024148, 'number': 8145, 'closed': datetime.datetime(2020, 7, 16, 3, 14, 4, tzinfo=datetime.timezone.utc), 'created': datetime.datetime(2020, 7, 14, 17, 49, 41, tzinfo=datetime.timezone.utc), 'time_taken': 120263.0, 'time_delta': '1 day, 9:24:23', 'additions': 49, 'deletions': 3, 'state': 'closed'}, {'id': 447187763, 'number': 8130, 'closed': datetime.datetime(2020, 7, 16, 19, 31, tzinfo=datetime.timezone.utc), 'created': datetime.datetime(2020, 7, 10, 2, 32, 1, tzinfo=datetime.timezone.utc), 'time_taken': 579539.0, 'time_delta': '6 days, 16:58:59', 'additions': 50, 'deletions': 49, 'state': 'closed'}, {'id': 443572136, 'number': 8107, 'closed': datetime.datetime(2020, 7, 21, 18, 42, 16, tzinfo=datetime.timezone.utc), 'created': datetime.datetime(2020, 7, 2, 14, 58, 44, tzinfo=datetime.timezone.utc), 'time_taken': 1655012.0, 'time_delta': '19 days, 3:43:32', 'additions': 860, 'deletions': 214, 'state': 'closed'}, {'id': 438858623, 'number': 8063, 'closed': datetime.datetime(2020, 6, 30, 10, 46, 36, tzinfo=datetime.timezone.utc), 'created': datetime.datetime(2020, 6, 23, 22, 33, 33, tzinfo=datetime.timezone.utc), 'time_taken': 562383.0, 'time_delta': '6 days, 12:13:03', 'additions': 90, 'deletions': 47, 'state': 'closed'}, {'id': 437958776, 'number': 8058, 'closed': datetime.datetime(2020, 6, 30, 14, 54, 29, tzinfo=datetime.timezone.utc), 'created': datetime.datetime(2020, 6, 22, 13, 52, 25, tzinfo=datetime.timezone.utc), 'time_taken': 694924.0, 'time_delta': '8 days, 1:02:04', 'additions': 168, 'deletions': 11, 'state': 'closed'}, {'id': 434965851, 'number': 8038, 'closed': datetime.datetime(2020, 6, 16, 20, 22, 37, tzinfo=datetime.timezone.utc), 'created': datetime.datetime(2020, 6, 16, 4, 28, 11, tzinfo=datetime.timezone.utc), 'time_taken': 57266.0, 'time_delta': '15:54:26', 'additions': 157, 'deletions': 21, 'state': 'closed'}, {'id': 434204137, 'number': 8037, 'closed': datetime.datetime(2020, 6, 20, 11, 43, 1, tzinfo=datetime.timezone.utc), 'created': datetime.datetime(2020, 6, 14, 21, 22, 56, tzinfo=datetime.timezone.utc), 'time_taken': 483605.0, 'time_delta': '5 days, 14:20:05', 'additions': 29, 'deletions': 9, 'state': 'closed'}, {'id': 434119882, 'number': 8034, 'closed': datetime.datetime(2020, 6, 23, 19, 39, 18, tzinfo=datetime.timezone.utc), 'created': datetime.datetime(2020, 6, 14, 9, 41, 35, tzinfo=datetime.timezone.utc), 'time_taken': 813463.0, 'time_delta': '9 days, 9:57:43', 'additions': 249, 'deletions': 277, 'state': 'closed'}, {'id': 433392134, 'number': 8022, 'closed': datetime.datetime(2020, 6, 12, 1, 19, 17, tzinfo=datetime.timezone.utc), 'created': datetime.datetime(2020, 6, 11, 23, 53, 49, tzinfo=datetime.timezone.utc), 'time_taken': 5128.0, 'time_delta': '1:25:28', 'additions': 32, 'deletions': 4, 'state': 'closed'}, {'id': 431561275, 'number': 8009, 'closed': datetime.datetime(2020, 6, 10, 21, 57, 19, tzinfo=datetime.timezone.utc), 'created': datetime.datetime(2020, 6, 9, 6, 15, 2, tzinfo=datetime.timezone.utc), 'time_taken': 142937.0, 'time_delta': '1 day, 15:42:17', 'additions': 810, 'deletions': 207, 'state': 'closed'}, {'id': 427707997, 'number': 7987, 'closed': datetime.datetime(2020, 7, 7, 13, 53, 44, tzinfo=datetime.timezone.utc), 'created': datetime.datetime(2020, 6, 4, 9, 29, 34, tzinfo=datetime.timezone.utc), 'time_taken': 2867050.0, 'time_delta': '33 days, 4:24:10', 'additions': 117, 'deletions': 2, 'state': 'closed'}, {'id': 424770517, 'number': 7969, 'closed': datetime.datetime(2020, 6, 11, 16, 37, 1, tzinfo=datetime.timezone.utc), 'created': datetime.datetime(2020, 5, 28, 22, 32, 11, tzinfo=datetime.timezone.utc), 'time_taken': 1188290.0, 'time_delta': '13 days, 18:04:50', 'additions': 979, 'deletions': 2, 'state': 'closed'}, {'id': 424098586, 'number': 7961, 'closed': datetime.datetime(2020, 5, 28, 21, 49, 11, tzinfo=datetime.timezone.utc), 'created': datetime.datetime(2020, 5, 27, 20, 31, 46, tzinfo=datetime.timezone.utc), 'time_taken': 91045.0, 'time_delta': '1 day, 1:17:25', 'additions': 861, 'deletions': 1, 'state': 'closed'}, {'id': 419809989, 'number': 7928, 'closed': datetime.datetime(2020, 7, 7, 13, 51, 51, tzinfo=datetime.timezone.utc), 'created': datetime.datetime(2020, 5, 19, 0, 33, 3, tzinfo=datetime.timezone.utc), 'time_taken': 4281528.0, 'time_delta': '49 days, 13:18:48', 'additions': 722, 'deletions': 164, 'state': 'closed'}, {'id': 409782388, 'number': 7843, 'closed': datetime.datetime(2020, 6, 3, 15, 22, 9, tzinfo=datetime.timezone.utc), 'created': datetime.datetime(2020, 4, 27, 22, 32, 8, tzinfo=datetime.timezone.utc), 'time_taken': 3171001.0, 'time_delta': '36 days, 16:50:01', 'additions': 52, 'deletions': 16, 'state': 'closed'}, {'id': 409165733, 'number': 7841, 'closed': datetime.datetime(2020, 5, 1, 19, 0, 6, tzinfo=datetime.timezone.utc), 'created': datetime.datetime(2020, 4, 26, 22, 0, 52, tzinfo=datetime.timezone.utc), 'time_taken': 421154.0, 'time_delta': '4 days, 20:59:14', 'additions': 5, 'deletions': 2, 'state': 'closed'}, {'id': 377373651, 'number': 7542, 'closed': datetime.datetime(2020, 10, 7, 16, 0, 55, tzinfo=datetime.timezone.utc), 'created': datetime.datetime(2020, 2, 19, 20, 15, 4, tzinfo=datetime.timezone.utc), 'time_taken': 19943151.0, 'time_delta': '230 days, 19:45:51', 'additions': 6, 'deletions': 1, 'state': 'closed'}, {'id': 376279913, 'number': 7527, 'closed': datetime.datetime(2020, 10, 7, 15, 25, 28, tzinfo=datetime.timezone.utc), 'created': datetime.datetime(2020, 2, 17, 19, 8, 54, tzinfo=datetime.timezone.utc), 'time_taken': 20117794.0, 'time_delta': '232 days, 20:16:34', 'additions': 8, 'deletions': 1, 'state': 'closed'}, {'id': 375728517, 'number': 7501, 'closed': datetime.datetime(2020, 2, 21, 9, 27, 21, tzinfo=datetime.timezone.utc), 'created': datetime.datetime(2020, 2, 15, 15, 42, tzinfo=datetime.timezone.utc), 'time_taken': 495921.0, 'time_delta': '5 days, 17:45:21', 'additions': 3, 'deletions': 0, 'state': 'closed'}, {'id': 374114289, 'number': 7471, 'closed': datetime.datetime(2020, 2, 12, 18, 47, 57, tzinfo=datetime.timezone.utc), 'created': datetime.datetime(2020, 2, 12, 5, 22, 53, tzinfo=datetime.timezone.utc), 'time_taken': 48304.0, 'time_delta': '13:25:04', 'additions': 3, 'deletions': 4, 'state': 'closed'}, {'id': 374100732, 'number': 7470, 'closed': datetime.datetime(2020, 2, 12, 8, 7, 51, tzinfo=datetime.timezone.utc), 'created': datetime.datetime(2020, 2, 12, 4, 30, 30, tzinfo=datetime.timezone.utc), 'time_taken': 13041.0, 'time_delta': '3:37:21', 'additions': 14, 'deletions': 0, 'state': 'closed'}, {'id': 373307762, 'number': 7459, 'closed': datetime.datetime(2020, 10, 29, 16, 54, 37, tzinfo=datetime.timezone.utc), 'created': datetime.datetime(2020, 2, 10, 19, 22, 1, tzinfo=datetime.timezone.utc), 'time_taken': 22627956.0, 'time_delta': '261 days, 21:32:36', 'additions': 52, 'deletions': 4, 'state': 'closed'}, {'id': 372635234, 'number': 7448, 'closed': datetime.datetime(2020, 2, 16, 8, 23, 16, tzinfo=datetime.timezone.utc), 'created': datetime.datetime(2020, 2, 7, 22, 53, 37, tzinfo=datetime.timezone.utc), 'time_taken': 725379.0, 'time_delta': '8 days, 9:29:39', 'additions': 14, 'deletions': 1, 'state': 'closed'}, {'id': 370027877, 'number': 7419, 'closed': datetime.datetime(2020, 2, 9, 10, 23, 9, tzinfo=datetime.timezone.utc), 'created': datetime.datetime(2020, 2, 2, 16, 22, 56, tzinfo=datetime.timezone.utc), 'time_taken': 583213.0, 'time_delta': '6 days, 18:00:13', 'additions': 4, 'deletions': 0, 'state': 'closed'}, {'id': 368163154, 'number': 7375, 'closed': datetime.datetime(2020, 2, 12, 4, 25, 44, tzinfo=datetime.timezone.utc), 'created': datetime.datetime(2020, 1, 28, 18, 29, 24, tzinfo=datetime.timezone.utc), 'time_taken': 1245380.0, 'time_delta': '14 days, 9:56:20', 'additions': 14, 'deletions': 0, 'state': 'closed'}, {'id': 366319068, 'number': 7332, 'closed': datetime.datetime(2020, 2, 7, 19, 48, 35, tzinfo=datetime.timezone.utc), 'created': datetime.datetime(2020, 1, 23, 11, 41, 47, tzinfo=datetime.timezone.utc), 'time_taken': 1325208.0, 'time_delta': '15 days, 8:06:48', 'additions': 19, 'deletions': 1, 'state': 'closed'}, {'id': 366282190, 'number': 7331, 'closed': datetime.datetime(2020, 4, 13, 12, 53, 7, tzinfo=datetime.timezone.utc), 'created': datetime.datetime(2020, 1, 23, 10, 14, 54, tzinfo=datetime.timezone.utc), 'time_taken': 7007893.0, 'time_delta': '81 days, 2:38:13', 'additions': 1, 'deletions': 1, 'state': 'closed'}, {'id': 364458625, 'number': 7295, 'closed': datetime.datetime(2020, 1, 21, 18, 23, 3, tzinfo=datetime.timezone.utc), 'created': datetime.datetime(2020, 1, 18, 19, 48, 28, tzinfo=datetime.timezone.utc), 'time_taken': 254075.0, 'time_delta': '2 days, 22:34:35', 'additions': 1, 'deletions': 0, 'state': 'closed'}, {'id': 364456488, 'number': 7294, 'closed': datetime.datetime(2020, 1, 21, 17, 56, 48, tzinfo=datetime.timezone.utc), 'created': datetime.datetime(2020, 1, 18, 19, 24, 38, tzinfo=datetime.timezone.utc), 'time_taken': 253930.0, 'time_delta': '2 days, 22:32:10', 'additions': 1, 'deletions': 1, 'state': 'closed'}, {'id': 360551552, 'number': 7151, 'closed': datetime.datetime(2020, 1, 8, 18, 22, 12, tzinfo=datetime.timezone.utc), 'created': datetime.datetime(2020, 1, 8, 16, 46, 13, tzinfo=datetime.timezone.utc), 'time_taken': 5759.0, 'time_delta': '1:35:59', 'additions': 4, 'deletions': 0, 'state': 'closed'}]"
